Group_Name,author,book_link,title
Addicted to YA,"Cavallaro, Brittany",https://www.goodreads.com/book/show/30256105-the-last-of-august,The Last of August (Charlotte Holmes #2)
Addicted to YA,"Cavallaro, Brittany",https://www.goodreads.com/book/show/23272028-a-study-in-charlotte,"A Study in Charlotte (Charlotte Holmes, #1)"
Addicted to YA,"Anderson, Lily",https://www.goodreads.com/book/show/35707056-undead-girl-gang,Undead Girl Gang
Addicted to YA,"Lu, Marie",https://www.goodreads.com/book/show/29749090-batman,"Batman: Nightwalker (DC Icons, #2)"
Addicted to YA,"Bardugo, Leigh",https://www.goodreads.com/book/show/29749085-wonder-woman,"Wonder Woman: Warbringer (DC Icons, #1)"
Addicted to YA,"Menon, Sandhya",https://www.goodreads.com/book/show/36373464-from-twinkle-with-love,"From Twinkle, with Love"
Addicted to YA,"Young, Adrienne",https://www.goodreads.com/book/show/34726469-sky-in-the-deep,Sky in the Deep
Addicted to YA,"Chokshi, Roshani",https://www.goodreads.com/book/show/34964865-a-crown-of-wishes,A Crown of Wishes (The Star-Touched Queen #2)
Addicted to YA,"White, Kiersten",https://www.goodreads.com/book/show/22817331-now-i-rise,"Now I Rise (And I Darken Series, #2)"
Addicted to YA,"Garber, Stephanie",https://www.goodreads.com/book/show/36329818-legendary,"Legendary (Caraval, #2)"
Addicted to YA,"Langdon, Lorie",https://www.goodreads.com/book/show/34817232-olivia-twist,Olivia Twist
Addicted to YA,"Maas, Sarah J.",https://www.goodreads.com/book/show/31076583-a-court-of-frost-and-starlight,"A Court of Frost and Starlight (A Court of Thorns and Roses, #3.1)"
Addicted to YA,"Brown, Pierce",https://www.goodreads.com/book/show/33257757-iron-gold,"Iron Gold (Red Rising, #4)"
Addicted to YA,"Kate, Lauren",https://www.goodreads.com/book/show/24909485-unforgiven,"Unforgiven (Fallen, #5)"
Addicted to YA,"Brennan, Sarah Rees",https://www.goodreads.com/book/show/18309803-unmade,"Unmade (The Lynburn Legacy, #3)"
Addicted to YA,"Davies, Jocelyn",https://www.goodreads.com/book/show/17331295-a-radiant-sky,"A Radiant Sky (A Beautiful Dark, #3)"
Addicted to YA,"Revis, Beth",https://www.goodreads.com/book/show/10345937-shades-of-earth,"Shades of Earth (Across the Universe, #3)"
Addicted to YA,"Garcia, Kami",https://www.goodreads.com/book/show/7930335-beautiful-redemption,"Beautiful Redemption (Caster Chronicles, #4)"
Addicted to YA,"Rossi, Veronica",https://www.goodreads.com/book/show/14288998-into-the-still-blue,"Into the Still Blue (Under the Never Sky, #3)"
Addicted to YA,"Cross, Kady",https://www.goodreads.com/book/show/18513756-the-girl-with-the-windup-heart,"The Girl with the Windup Heart (Steampunk Chronicles, #4)"
Addicted to YA,"Cross, Kady",https://www.goodreads.com/book/show/15822336-the-girl-with-the-iron-touch,"The Girl with the Iron Touch (Steampunk Chronicles, #3)"
Addicted to YA,"Hawkins, Rachel",https://www.goodreads.com/book/show/11454587-spell-bound,"Spell Bound (Hex Hall, #3)"
Addicted to YA,"McGarry, Katie",https://www.goodreads.com/book/show/25263399-chasing-impossible,"Chasing Impossible (Pushing the Limits, #5)"
Addicted to YA,"McGarry, Katie",https://www.goodreads.com/book/show/18333898-take-me-on,"Take Me On (Pushing the Limits, #4)"
Addicted to YA,"McGarry, Katie",https://www.goodreads.com/book/show/17233800-crash-into-you,"Crash into You (Pushing the Limits, #3)"
Addicted to YA,"Cast, P.C.",https://www.goodreads.com/book/show/16136599-redeemed,"Redeemed (House of Night, #12)"
Addicted to YA,"Adeyemi, Tomi",https://www.goodreads.com/book/show/39122774-children-of-virtue-and-vengeance,"Children of Virtue and Vengeance (Legacy of Orïsha, #2)"
Addicted to YA,"Shusterman, Neal",https://www.goodreads.com/book/show/37632682-the-toll,"The Toll (Arc of a Scythe, #3)"
Addicted to YA,"Shusterman, Neal",https://www.goodreads.com/book/show/33555224-thunderhead,"Thunderhead (Arc of a Scythe, #2)"
Addicted to YA,"Silvera, Adam",https://www.goodreads.com/book/show/25014114-history-is-all-you-left-me,History Is All You Left Me
The Sword and Laser,"Lee, Fonda",https://www.goodreads.com/book/show/34606064-jade-city,"Jade City (The Green Bone Saga, #1)"
The Sword and Laser,"Reeve, Philip",https://www.goodreads.com/book/show/287861.Mortal_Engines,"Mortal Engines (The Hungry City Chronicles, #1)"
The Sword and Laser,"Miller, Madeline",https://www.goodreads.com/book/show/35959740-circe,Circe
The Sword and Laser,"Lee, Tanith",https://www.goodreads.com/book/show/882258.Night_s_Master,Night's Master  (Tales from the Flat Earth #1)
The Sword and Laser,"Taylor, Dennis E.",https://www.goodreads.com/book/show/32109569-we-are-legion-we-are-bob,"We Are Legion We Are Bob (Bobiverse, #1)"
The Sword and Laser,"Solomon, Rivers",https://www.goodreads.com/book/show/34381254-an-unkindness-of-ghosts,An Unkindness of Ghosts
The Sword and Laser,"L'Engle, Madeleine",https://www.goodreads.com/book/show/18131.A_Wrinkle_in_Time,"A Wrinkle in Time (Time Quintet, #1)"
The Sword and Laser,"Shelley, Mary",https://www.goodreads.com/book/show/35220237-frankenstein-or-the-modern-prometheus,"Frankenstein, or the Modern Prometheus"
The Sword and Laser,"Eekhout, Greg Van",https://www.goodreads.com/book/show/18490594-california-bones,"California Bones (Daniel Blackland, #1)"
The Sword and Laser,"Willis, Connie",https://www.goodreads.com/book/show/24983.Doomsday_Book,"Doomsday Book (Oxford Time Travel, #1)"
The Sword and Laser,"Goss, Theodora",https://www.goodreads.com/book/show/34728925-the-strange-case-of-the-alchemist-s-daughter,"The Strange Case of the Alchemist's Daughter (The Extraordinary Adventures of the Athena Club, #1)"
The Sword and Laser,"Aldiss, Brian W.",https://www.goodreads.com/book/show/672244.Helliconia_Spring,"Helliconia Spring (Helliconia, #1)"
The Sword and Laser,"King, Stephen",https://www.goodreads.com/book/show/43615.The_Gunslinger,"The Gunslinger (The Dark Tower, #1)"
The Sword and Laser,"Le Guin, Ursula K.",https://www.goodreads.com/book/show/18423.The_Left_Hand_of_Darkness,The Left Hand of Darkness (Hainish Cycle #6)
The Sword and Laser,"Bledsoe, Alex",https://www.goodreads.com/book/show/10942400-the-hum-and-the-shiver,"The Hum and the Shiver (Tufa, #1)"
The Sword and Laser,"Chambers, Becky",https://www.goodreads.com/book/show/22733729-the-long-way-to-a-small-angry-planet,"The Long Way to a Small, Angry Planet (Wayfarers, #1)"
The Sword and Laser,"Cogman, Genevieve",https://www.goodreads.com/book/show/21416690-the-invisible-library,"The Invisible Library (The Invisible Library, #1)"
The Sword and Laser,"Pohl, Frederik",https://www.goodreads.com/book/show/218427.Gateway,"Gateway (Heechee Saga, #1)"
The Sword and Laser,"Hopkinson, Nalo",https://www.goodreads.com/book/show/57498.The_Salt_Roads,The Salt Roads
The Sword and Laser,"Liu, Cixin",https://www.goodreads.com/book/show/20518872-the-three-body-problem,The Three-Body Problem (Remembrance of Earth’s Past #1)
The Sword and Laser,"O'Malley, Daniel",https://www.goodreads.com/book/show/10836728-the-rook,"The Rook (The Checquy Files, #1)"
The Sword and Laser,"Wong, David",https://www.goodreads.com/book/show/20501606-futuristic-violence-and-fancy-suits,Futuristic Violence and Fancy Suits
The Sword and Laser,"Wecker, Helene",https://www.goodreads.com/book/show/15819028-the-golem-and-the-jinni,"The Golem and the Jinni (The Golem and the Jinni, #1)"
The Sword and Laser,"Vinge, Vernor",https://www.goodreads.com/book/show/77711.A_Fire_Upon_the_Deep,"A Fire Upon the Deep (Zones of Thought, #1)"
The Sword and Laser,"Sapkowski, Andrzej",https://www.goodreads.com/book/show/1128434.The_Last_Wish,"The Last Wish (The Witcher, #1)"
The Sword and Laser,"Norton, Andre",https://www.goodreads.com/book/show/30722348-the-time-traders,"The Time Traders (Time Traders/Ross Murdock, #1)"
The Sword and Laser,"Wilde, Fran",https://www.goodreads.com/book/show/18464362-updraft,"Updraft (Bone Universe, #1)"
The Sword and Laser,"Robinson, Kim Stanley",https://www.goodreads.com/book/show/23197269-aurora,Aurora
The Sword and Laser,"Jemisin, N.K.",https://www.goodreads.com/book/show/19161852-the-fifth-season,"The Fifth Season (The Broken Earth, #1)"
The Sword and Laser,"Schwab, V.E.",https://www.goodreads.com/book/show/22055262-a-darker-shade-of-magic,"A Darker Shade of Magic (Shades of Magic, #1)"
SciFi and Fantasy Book Club,"LaValle, Victor",https://www.goodreads.com/book/show/31147267-the-changeling,The Changeling
SciFi and Fantasy Book Club,"Butler, Octavia E.",https://www.goodreads.com/book/show/52397.Parable_of_the_Sower,"Parable of the Sower (Earthseed, #1)"
SciFi and Fantasy Book Club,"Cargill, C. Robert",https://www.goodreads.com/book/show/32617610-sea-of-rust,Sea of Rust
SciFi and Fantasy Book Club,"Le Guin, Ursula K.",https://www.goodreads.com/book/show/13667.The_Farthest_Shore,"The Farthest Shore (Earthsea Cycle, #3)"
SciFi and Fantasy Book Club,"Grant, Mira",https://www.goodreads.com/book/show/34523174-into-the-drowning-deep,"Into the Drowning Deep (Rolling in the Deep, #1)"
SciFi and Fantasy Book Club,"Leckie, Ann",https://www.goodreads.com/book/show/23533039-ancillary-mercy,Ancillary Mercy (Imperial Radch #3)
SciFi and Fantasy Book Club,"Whitehead, Colson",https://www.goodreads.com/book/show/30555488-the-underground-railroad,The Underground Railroad
SciFi and Fantasy Book Club,"Stevenson, Noelle",https://www.goodreads.com/book/show/19351043-nimona,Nimona
SciFi and Fantasy Book Club,"Walton, Jo",https://www.goodreads.com/book/show/8706185-among-others,Among Others
SciFi and Fantasy Book Club,"Zelazny, Roger",https://www.goodreads.com/book/show/13821.Lord_of_Light,Lord of Light
SciFi and Fantasy Book Club,"Cogman, Genevieve",https://www.goodreads.com/book/show/21416690-the-invisible-library,"The Invisible Library (The Invisible Library, #1)"
SciFi and Fantasy Book Club,"Alderman, Naomi",https://www.goodreads.com/book/show/29751398-the-power,The Power
SciFi and Fantasy Book Club,"Emrys, Ruthanna",https://www.goodreads.com/book/show/29939089-winter-tide,"Winter Tide (The Innsmouth Legacy, #1)"
SciFi and Fantasy Book Club,"Weir, Andy",https://www.goodreads.com/book/show/34928122-artemis,Artemis
SciFi and Fantasy Book Club,"Lee, Yoon Ha",https://www.goodreads.com/book/show/26118426-ninefox-gambit,Ninefox Gambit (The Machineries of Empire #1)
SciFi and Fantasy Book Club,"North, Claire",https://www.goodreads.com/book/show/22314178-touch,Touch
SciFi and Fantasy Book Club,"Lawrence, Mark",https://www.goodreads.com/book/show/25895524-red-sister,Red Sister (Book of the Ancestor #1)
SciFi and Fantasy Book Club,"Hurley, Kameron",https://www.goodreads.com/book/show/29090844-the-stars-are-legion,The Stars Are Legion
SciFi and Fantasy Book Club,"Lafferty, Mur",https://www.goodreads.com/book/show/28962996-six-wakes,Six Wakes
SciFi and Fantasy Book Club,"Bardugo, Leigh",https://www.goodreads.com/book/show/23437156-six-of-crows,"Six of Crows (Six of Crows, #1)"
SciFi and Fantasy Book Club,"Arden, Katherine",https://www.goodreads.com/book/show/25489134-the-bear-and-the-nightingale,"The Bear and the Nightingale (Winternight Trilogy, #1)"
SciFi and Fantasy Book Club,"Winters, Ben H.",https://www.goodreads.com/book/show/13330370-the-last-policeman,"The Last Policeman (The Last Policeman, #1)"
SciFi and Fantasy Book Club,"Reynolds, Alastair",https://www.goodreads.com/book/show/20410974-pushing-ice,Pushing Ice
SciFi and Fantasy Book Club,"Pears, Iain",https://www.goodreads.com/book/show/25829156-arcadia,Arcadia
SciFi and Fantasy Book Club,"Morgenstern, Erin",https://www.goodreads.com/book/show/9361589-the-night-circus,The Night Circus
SciFi and Fantasy Book Club,"Bester, Alfred",https://www.goodreads.com/book/show/333867.The_Stars_My_Destination,The Stars My Destination
SciFi and Fantasy Book Club,"Palmer, Ada",https://www.goodreads.com/book/show/26114545-too-like-the-lightning,"Too Like the Lightning (Terra Ignota, #1)"
SciFi and Fantasy Book Club,"Jemisin, N.K.",https://www.goodreads.com/book/show/26228034-the-obelisk-gate,"The Obelisk Gate (The Broken Earth, #2)"
SciFi and Fantasy Book Club,"Chambers, Becky",https://www.goodreads.com/book/show/29475447-a-closed-and-common-orbit,"A Closed and Common Orbit (Wayfarers, #2)"
SciFi and Fantasy Book Club,"Okorafor, Nnedi",https://www.goodreads.com/book/show/23281789-the-book-of-phoenix,"The Book of Phoenix (Who Fears Death, #0.1)"
The Perks Of Being A Book Addict,"Steadman, Catherine",https://www.goodreads.com/book/show/36388243-something-in-the-water,Something in the Water
The Perks Of Being A Book Addict,"King, Stephen",https://www.goodreads.com/book/show/36124936-the-outsider,The Outsider
The Perks Of Being A Book Addict,"Miller, Madeline",https://www.goodreads.com/book/show/11250317-the-song-of-achilles,The Song of Achilles
The Perks Of Being A Book Addict,"Williams, Beatriz",https://www.goodreads.com/book/show/16158535-a-hundred-summers,A Hundred Summers
The Perks Of Being A Book Addict,"Morris, Heather",https://www.goodreads.com/book/show/35523006-the-tattooist-of-auschwitz,The Tattooist of Auschwitz
The Perks Of Being A Book Addict,"Golden, Arthur",https://www.goodreads.com/book/show/929.Memoirs_of_a_Geisha,Memoirs of a Geisha
The Perks Of Being A Book Addict,"Miller, Madeline",https://www.goodreads.com/book/show/35959740-circe,Circe
The Perks Of Being A Book Addict,"Christie, Agatha",https://www.goodreads.com/book/show/853510.Murder_on_the_Orient_Express,"Murder on the Orient Express (Hercule Poirot, #10)"
The Perks Of Being A Book Addict,"Kelly, Martha Hall",https://www.goodreads.com/book/show/25893693-lilac-girls,Lilac Girls
The Perks Of Being A Book Addict,"Reisz, Tiffany",https://www.goodreads.com/book/show/35083342-the-lucky-ones,The Lucky Ones
The Perks Of Being A Book Addict,"Finn, A.J.",https://www.goodreads.com/book/show/34848682-the-woman-in-the-window,The Woman in the Window
The Perks Of Being A Book Addict,"Palacio, R.J.",https://www.goodreads.com/book/show/11387515-wonder,"Wonder (Wonder, #1)"
The Perks Of Being A Book Addict,"Aveyard, Victoria",https://www.goodreads.com/book/show/22328546-red-queen,"Red Queen (Red Queen, #1)"
The Perks Of Being A Book Addict,"Slaughter, Karin",https://www.goodreads.com/book/show/33230889-the-good-daughter,The Good Daughter
The Perks Of Being A Book Addict,"Thomas, Angie",https://www.goodreads.com/book/show/32075671-the-hate-u-give,The Hate U Give
The Perks Of Being A Book Addict,"Yoon, Nicola",https://www.goodreads.com/book/show/28763485-the-sun-is-also-a-star,The Sun Is Also a Star
The Perks Of Being A Book Addict,"Hoffman, Alice",https://www.goodreads.com/book/show/34037113-the-rules-of-magic,The Rules of Magic
The Perks Of Being A Book Addict,"Backman, Fredrik",https://www.goodreads.com/book/show/33413128-beartown,"Beartown (Beartown, #1)"
The Perks Of Being A Book Addict,"Kaysen, Susanna",https://www.goodreads.com/book/show/68783.Girl_Interrupted,"Girl, Interrupted"
The Perks Of Being A Book Addict,"Blake, Kendare",https://www.goodreads.com/book/show/28374007-three-dark-crowns,"Three Dark Crowns (Three Dark Crowns, #1)"
The Perks Of Being A Book Addict,"Carey, M.R.",https://www.goodreads.com/book/show/17235026-the-girl-with-all-the-gifts,The Girl With All the Gifts (The Girl With All the Gifts #1)
The Perks Of Being A Book Addict,"Bloch, Robert",https://www.goodreads.com/book/show/156427.Psycho,Psycho (Psycho #1)
The Perks Of Being A Book Addict,"Flynn, Gillian",https://www.goodreads.com/book/show/18045891-sharp-objects,Sharp Objects
The Perks Of Being A Book Addict,"Mejia, Mindy",https://www.goodreads.com/book/show/29276588-everything-you-want-me-to-be,Everything You Want Me to Be
The Perks Of Being A Book Addict,"Honeyman, Gail",https://www.goodreads.com/book/show/31434883-eleanor-oliphant-is-completely-fine,Eleanor Oliphant Is Completely Fine
The Perks Of Being A Book Addict,"Crouch, Blake",https://www.goodreads.com/book/show/27833670-dark-matter,Dark Matter
The Perks Of Being A Book Addict,"Gaiman, Neil",https://www.goodreads.com/book/show/30165203-american-gods,American Gods
The Perks Of Being A Book Addict,"Lawson, Jenny",https://www.goodreads.com/book/show/23848559-furiously-happy,Furiously Happy: A Funny Book About Horrible Things
The Perks Of Being A Book Addict,"McDaniel, Tiffany",https://www.goodreads.com/book/show/26114523-the-summer-that-melted-everything,The Summer that Melted Everything
The Perks Of Being A Book Addict,"Hawkins, Paula",https://www.goodreads.com/book/show/33151805-into-the-water,Into the Water
Nothing But Reading Challenges,"Hawkins, Paula",https://www.goodreads.com/book/show/33151805-into-the-water,Into the Water
Nothing But Reading Challenges,"Spinale, Wendy",https://www.goodreads.com/book/show/26085520-everland,"Everland (Everland, #1)"
Nothing But Reading Challenges,"Andrews, Ilona",https://www.goodreads.com/book/show/17333180-magic-triumphs,"Magic Triumphs (Kate Daniels, #10)"
Nothing But Reading Challenges,"Morris, Heather",https://www.goodreads.com/book/show/35523006-the-tattooist-of-auschwitz,The Tattooist of Auschwitz
Nothing But Reading Challenges,"Lyga, Barry",https://www.goodreads.com/book/show/7766027-i-hunt-killers,"I Hunt Killers (Jasper Dent, #1)"
Nothing But Reading Challenges,"McGuire, Seanan",https://www.goodreads.com/book/show/6294549-rosemary-and-rue,"Rosemary and Rue (October Daye, #1)"
Nothing But Reading Challenges,"Lawrence, Mark",https://www.goodreads.com/book/show/25895524-red-sister,Red Sister (Book of the Ancestor #1)
Nothing But Reading Challenges,"Albertalli, Becky",https://www.goodreads.com/book/show/31180248-leah-on-the-offbeat,"Leah on the Offbeat (Creekwood, #2)"
Nothing But Reading Challenges,"Adeyemi, Tomi",https://www.goodreads.com/book/show/34728667-children-of-blood-and-bone,"Children of Blood and Bone (Legacy of Orïsha, #1)"
Nothing But Reading Challenges,"Kelly, Martha Hall",https://www.goodreads.com/book/show/25893693-lilac-girls,Lilac Girls
Nothing But Reading Challenges,"Pan, Emily X.R.",https://www.goodreads.com/book/show/35604686-the-astonishing-color-of-after,The Astonishing Color of After
Nothing But Reading Challenges,"Finn, A.J.",https://www.goodreads.com/book/show/34848682-the-woman-in-the-window,The Woman in the Window
Nothing But Reading Challenges,"Turton, Stuart",https://www.goodreads.com/book/show/35967101-the-seven-deaths-of-evelyn-hardcastle,The Seven Deaths of Evelyn Hardcastle
Nothing But Reading Challenges,"Shusterman, Neal",https://www.goodreads.com/book/show/28954189-scythe,"Scythe (Arc of a Scythe, #1)"
Nothing But Reading Challenges,"Green, John",https://www.goodreads.com/book/show/35504431-turtles-all-the-way-down,Turtles All the Way Down
Nothing But Reading Challenges,"Weir, Andy",https://www.goodreads.com/book/show/34928122-artemis,Artemis
Nothing But Reading Challenges,"Waters, Sarah",https://www.goodreads.com/book/show/8913370-fingersmith,Fingersmith
Nothing But Reading Challenges,"Meyer, Marissa",https://www.goodreads.com/book/show/28421168-renegades,"Renegades (Renegades, #1)"
Nothing But Reading Challenges,"Hodkin, Michelle",https://www.goodreads.com/book/show/11408650-the-unbecoming-of-mara-dyer,"The Unbecoming of Mara Dyer (Mara Dyer, #1)"
Nothing But Reading Challenges,"Hill, Joe",https://www.goodreads.com/book/show/15729539-nos4a2,NOS4A2
Nothing But Reading Challenges,"Caine, Rachel",https://www.goodreads.com/book/show/33128934-stillhouse-lake,"Stillhouse Lake (Stillhouse Lake, #1)"
Nothing But Reading Challenges,"Goss, Theodora",https://www.goodreads.com/book/show/34728925-the-strange-case-of-the-alchemist-s-daughter,"The Strange Case of the Alchemist's Daughter (The Extraordinary Adventures of the Athena Club, #1)"
Nothing But Reading Challenges,"Silvera, Adam",https://www.goodreads.com/book/show/33385229-they-both-die-at-the-end,They Both Die at the End
Nothing But Reading Challenges,"Denfeld, Rene",https://www.goodreads.com/book/show/32223884-the-child-finder,"The Child Finder (Naomi Cottle, #1)"
Nothing But Reading Challenges,"Bardugo, Leigh",https://www.goodreads.com/book/show/29749085-wonder-woman,"Wonder Woman: Warbringer (DC Icons, #1)"
Nothing But Reading Challenges,"Raybourn, Deanna",https://www.goodreads.com/book/show/28186322-a-curious-beginning,"A Curious Beginning (Veronica Speedwell, #1)"
Nothing But Reading Challenges,"Harrison, Kim",https://www.goodreads.com/book/show/30264.Dead_Witch_Walking,"Dead Witch Walking (The Hollows, #1)"
Nothing But Reading Challenges,"Kukafka, Danya",https://www.goodreads.com/book/show/32920254-girl-in-snow,Girl in Snow
Nothing But Reading Challenges,"Engel, Amy",https://www.goodreads.com/book/show/30689335-the-roanoke-girls,The Roanoke Girls
Nothing But Reading Challenges,"Lee, Mackenzi",https://www.goodreads.com/book/show/29283884-the-gentleman-s-guide-to-vice-and-virtue,"The Gentleman's Guide to Vice and Virtue (Montague Siblings, #1)"
2018 Reading Challenge,"Aveyard, Victoria",https://www.goodreads.com/book/show/22328546-red-queen,"Red Queen (Red Queen, #1)"
2018 Reading Challenge,"Ng, Celeste",https://www.goodreads.com/book/show/34273236-little-fires-everywhere,Little Fires Everywhere
2018 Reading Challenge,"del Toro, Guillermo",https://www.goodreads.com/book/show/36521316-the-shape-of-water,The Shape of Water
2018 Reading Challenge,"Doyle, Arthur Conan",https://www.goodreads.com/book/show/102868.A_Study_in_Scarlet,"A Study in Scarlet (Sherlock Holmes, #1)"
2018 Reading Challenge,"Eugenides, Jeffrey",https://www.goodreads.com/book/show/2187.Middlesex,Middlesex
2018 Reading Challenge,"Moriarty, Liane",https://www.goodreads.com/book/show/19486412-big-little-lies,Big Little Lies
2018 Reading Challenge,"L'Engle, Madeleine",https://www.goodreads.com/book/show/33574273-a-wrinkle-in-time,"A Wrinkle in Time (Time Quintet, #1)"
2018 Reading Challenge,"Riordan, Rick",https://www.goodreads.com/book/show/28187.The_Lightning_Thief,"The Lightning Thief (Percy Jackson and the Olympians, #1)"
2018 Reading Challenge,"Wilde, Oscar",https://www.goodreads.com/book/show/5297.The_Picture_of_Dorian_Gray,The Picture of Dorian Gray
2018 Reading Challenge,"Christie, Agatha",https://www.goodreads.com/book/show/853510.Murder_on_the_Orient_Express,"Murder on the Orient Express (Hercule Poirot, #10)"
2018 Reading Challenge,"Patchett, Ann",https://www.goodreads.com/book/show/28214365-commonwealth,Commonwealth
2018 Reading Challenge,"Gaiman, Neil",https://www.goodreads.com/book/show/30831912-norse-mythology,Norse Mythology
2018 Reading Challenge,"Huxley, Aldous",https://www.goodreads.com/book/show/5129.Brave_New_World,Brave New World
2018 Reading Challenge,"Backman, Fredrik",https://www.goodreads.com/book/show/18774964-a-man-called-ove,A Man Called Ove
2018 Reading Challenge,"Vonnegut, Kurt",https://www.goodreads.com/book/show/4981.Slaughterhouse_Five,Slaughterhouse-Five
2018 Reading Challenge,"Brashares, Ann",https://www.goodreads.com/book/show/452306.The_Sisterhood_of_the_Traveling_Pants,"The Sisterhood of the Traveling Pants (Sisterhood, #1)"
2018 Reading Challenge,"Yoon, Nicola",https://www.goodreads.com/book/show/28763485-the-sun-is-also-a-star,The Sun Is Also a Star
2018 Reading Challenge,"Smith, Zadie",https://www.goodreads.com/book/show/3711.White_Teeth,White Teeth
2018 Reading Challenge,"Atwood, Margaret",https://www.goodreads.com/book/show/38447.The_Handmaid_s_Tale,The Handmaid's Tale
2018 Reading Challenge,"Adams, Douglas",https://www.goodreads.com/book/show/11.The_Hitchhiker_s_Guide_to_the_Galaxy,"The Hitchhiker's Guide to the Galaxy (Hitchhiker's Guide to the Galaxy, #1)"
2018 Reading Challenge,"Gaiman, Neil",https://www.goodreads.com/book/show/30165203-american-gods,American Gods
2018 Reading Challenge,"Lewis, C.S.",https://www.goodreads.com/book/show/100915.The_Lion_the_Witch_and_the_Wardrobe,"The Lion, the Witch and the Wardrobe (Chronicles of Narnia, #1)"
2018 Reading Challenge,"Alcott, Louisa May",https://www.goodreads.com/book/show/1934.Little_Women,"Little Women (Little Women, #1)"
2018 Reading Challenge,"King, Stephen",https://www.goodreads.com/book/show/11588.The_Shining,"The Shining (The Shining, #1)"
2018 Reading Challenge,"Hosseini, Khaled",https://www.goodreads.com/book/show/77203.The_Kite_Runner,The Kite Runner
2018 Reading Challenge,"Zusak, Markus",https://www.goodreads.com/book/show/19063.The_Book_Thief,The Book Thief
2018 Reading Challenge,"Tolkien, J.R.R.",https://www.goodreads.com/book/show/34.The_Fellowship_of_the_Ring,"The Fellowship of the Ring (The Lord of the Rings, #1)"
2018 Reading Challenge,"Austen, Jane",https://www.goodreads.com/book/show/1885.Pride_and_Prejudice,Pride and Prejudice
2018 Reading Challenge,"Lawson, Jenny",https://www.goodreads.com/book/show/23848559-furiously-happy,Furiously Happy: A Funny Book About Horrible Things
2018 Reading Challenge,"Meyer, Marissa",https://www.goodreads.com/book/show/11235712-cinder,"Cinder (The Lunar Chronicles, #1)"
The History Book Club,"Comey, James",https://www.goodreads.com/book/show/35108805-a-higher-loyalty,"A Higher Loyalty: Truth, Lies, and Leadership"
The History Book Club,"Goldsworthy, Adrian",https://www.goodreads.com/book/show/60432.Caesar,Caesar: Life of a Colossus
The History Book Club,"Thoreau, Henry David",https://www.goodreads.com/book/show/116020.Walden_Civil_Disobedience,Walden & Civil Disobedience
The History Book Club,"Theroux, Paul",https://www.goodreads.com/book/show/28239.Dark_Star_Safari,Dark Star Safari: Overland from Cairo to Cape Town
The History Book Club,"Dower, John W.",https://www.goodreads.com/book/show/273197.Embracing_Defeat,Embracing Defeat: Japan in the Wake of World War II
The History Book Club,"Cumings, Bruce",https://www.goodreads.com/book/show/8244792-the-korean-war,The Korean War: A History
The History Book Club,"Millard, Candice",https://www.goodreads.com/book/show/25241653-hero-of-the-empire,"Hero of the Empire: The Boer War, a Daring Escape, and the Making of Winston Churchill"
The History Book Club,"Kornelius, Stefan",https://www.goodreads.com/book/show/18006967-angela-merkel,Angela Merkel: The Authorized Biography
The History Book Club,"Brown, Kerry",https://www.goodreads.com/book/show/29866971-ceo-china,"CEO, China: The Rise of Xi Jinping"
The History Book Club,"Thompson, Heather Ann",https://www.goodreads.com/book/show/28007898-blood-in-the-water,Blood in the Water: The Attica Prison Uprising of 1971 and Its Legacy
The History Book Club,"Desmond, Matthew",https://www.goodreads.com/book/show/25852784-evicted,Evicted: Poverty and Profit in the American City
The History Book Club,"Matar, Hisham",https://www.goodreads.com/book/show/28007895-the-return,"The Return: Fathers, Sons, and the Land in Between"
The History Book Club,"Moore, Wendy",https://www.goodreads.com/book/show/161724.The_Knife_Man,"The Knife Man: Blood, Body Snatching, and the Birth of Modern Surgery"
The History Book Club,"Joyce, James",https://www.goodreads.com/book/show/338798.Ulysses,Ulysses
The History Book Club,"Kim, Suki",https://www.goodreads.com/book/show/20685373-without-you-there-is-no-us,"Without You, There Is No Us: My Time with the Sons of North Korea's Elite"
The History Book Club,"Alexander, Matthew",https://www.goodreads.com/book/show/10294003-kill-or-capture,Kill or Capture: How a Special Operations Task Force Took Down a Notorious al Qaeda Terrorist
The History Book Club,"Wortman, Marc",https://www.goodreads.com/book/show/6617105-the-bonfire,The Bonfire: The Siege and Burning of Atlanta
The History Book Club,"Carroll, Leslie",https://www.goodreads.com/book/show/6651031-notorious-royal-marriages,"Notorious Royal Marriages: A Juicy Journey Through Nine Centuries of Dynasty, Destiny, and Desire"
The History Book Club,"Beard, Mary",https://www.goodreads.com/book/show/28789711-spqr,SPQR: A History of Ancient Rome
The History Book Club,"Montefiore, Simon Sebag",https://www.goodreads.com/book/show/21094391-the-romanovs,The Romanovs: 1613-1918
The History Book Club,"Dyson, Michael Eric",https://www.goodreads.com/book/show/25786205-the-black-presidency,The Black Presidency: Barack Obama and the Politics of Race in America
The History Book Club,"Kasparov, Garry",https://www.goodreads.com/book/show/24945308-winter-is-coming,Winter Is Coming: Why Vladimir Putin and the Enemies of the Free World Must Be Stopped
The History Book Club,"Vance, J.D.",https://www.goodreads.com/book/show/27161156-hillbilly-elegy,Hillbilly Elegy: A Memoir of a Family and Culture in Crisis
The History Book Club,"Macdonald, Helen",https://www.goodreads.com/book/show/18803640-h-is-for-hawk,H is for Hawk
The History Book Club,"Whitehead, Colson",https://www.goodreads.com/book/show/30555488-the-underground-railroad,The Underground Railroad
The History Book Club,"Finnegan, William",https://www.goodreads.com/book/show/18693910-barbarian-days,Barbarian Days: A Surfing Life
The History Book Club,"Nguyen, Viet Thanh",https://www.goodreads.com/book/show/23168277-the-sympathizer,The Sympathizer
The History Book Club,"Joyce, James",https://www.goodreads.com/book/show/11012.Dubliners,Dubliners
The History Book Club,"Stiles, T.J.",https://www.goodreads.com/book/show/24738291-custer-s-trials,Custer's Trials: A Life on the Frontier of a New America
The History Book Club,"Warrick, Joby",https://www.goodreads.com/book/show/25241317-black-flags,Black Flags: The Rise of ISIS
Around the World in 80 Books,"Barakat, Ibtisam",https://www.goodreads.com/book/show/29772839-balcony-on-the-moon,Balcony on the Moon: Coming of Age in Palestine
Around the World in 80 Books,"Williams, Beatriz",https://www.goodreads.com/book/show/36381085-the-summer-wives,The Summer Wives
Around the World in 80 Books,Tanya Marquardt,https://www.goodreads.com/book/show/36520889-stray,Stray: Memoir of a Runaway
Around the World in 80 Books,"Badani, Sejal",https://www.goodreads.com/book/show/35889205-the-storyteller-s-secret,The Storyteller's Secret
Around the World in 80 Books,"Doehnert, Rodica",https://www.goodreads.com/book/show/39295198-hotel-sacher,Hotel Sacher
Around the World in 80 Books,"Khadra, Yasmina",https://www.goodreads.com/book/show/213199.Morituri,Morituri
Around the World in 80 Books,"Gakas, Sergios",https://www.goodreads.com/book/show/11817673-ashes,Ashes
Around the World in 80 Books,"Kitakata, Kenzo",https://www.goodreads.com/book/show/179814.Ashes,Ashes
Around the World in 80 Books,"Stone, Michel",https://www.goodreads.com/book/show/31159198-border-child,Border Child
Around the World in 80 Books,"Hall, Sarah",https://www.goodreads.com/book/show/23315782-the-wolf-border,The Wolf Border
Around the World in 80 Books,"Maxfield, Z.A.",https://www.goodreads.com/book/show/5045589-crossing-borders,"Crossing Borders (Crossing Borders, #1)"
Around the World in 80 Books,"Schafer, Steve",https://www.goodreads.com/book/show/29542264-the-border,The Border
Around the World in 80 Books,"Giono, Jean",https://www.goodreads.com/book/show/4001710-naissance-de-l-odyss-e,Naissance de l'Odyssée
Around the World in 80 Books,"Erofeev, Venedikt",https://www.goodreads.com/book/show/1603040.Moscow_Circles,Moscow Circles
Around the World in 80 Books,"Erofeev, Venedikt",https://www.goodreads.com/book/show/21950875-moscow-stations,Moscow Stations
Around the World in 80 Books,"Gratz, Alan",https://www.goodreads.com/book/show/33118312-refugee,Refugee
Around the World in 80 Books,"Chatzēpateras, Kōstas N.",https://www.goodreads.com/book/show/10802941-crete-1941,Crete 1941
Around the World in 80 Books,"Thomas, David Arthur",https://www.goodreads.com/book/show/3784790-crete-1941,Crete 1941: The Battle at Sea
Around the World in 80 Books,"Parkinson, R.B.",https://www.goodreads.com/book/show/9236546-hunefer-and-his-book-of-the-dead,Hunefer and His Book of the Dead
Around the World in 80 Books,"Frank, Pat",https://www.goodreads.com/book/show/5173361-hold-back-the-night,Hold Back The Night
Around the World in 80 Books,"Beigbeder, Frédéric",https://www.goodreads.com/book/show/1062374.Nouvelles_sous_ecstasy,Nouvelles sous ecstasy
Around the World in 80 Books,"Tellegen, Toon",https://www.goodreads.com/book/show/34640689-maar-kom-wel-terug,Maar kom wel terug!
Around the World in 80 Books,"Polak, Nina",https://www.goodreads.com/book/show/38224976-gebrek-is-een-groot-woord,Gebrek is een groot woord
Around the World in 80 Books,"Lonsdale, Kerry",https://www.goodreads.com/book/show/31277190-everything-we-left-behind,Everything We Left Behind (Everything #2)
Around the World in 80 Books,"Fontaine, Natasha Kanapé",https://www.goodreads.com/book/show/39723821-nanimissuat-le-tonnerre,Nanimissuat Île tonnerre
Around the World in 80 Books,"Walter, Emmanuelle",https://www.goodreads.com/book/show/25362335-stolen-sisters,Stolen Sisters: An Inquiry into Feminicide in Canada
Around the World in 80 Books,"Gune, Kamalakar",https://www.goodreads.com/book/show/40832063-blue-sky-calling,Blue Sky Calling
Around the World in 80 Books,"Deerchild, Rosanna",https://www.goodreads.com/book/show/27990425-calling-down-the-sky,Calling Down the Sky
Around the World in 80 Books,"Hore, Rachel",https://www.goodreads.com/book/show/35793145-last-letter-home,Last Letter Home
Around the World in 80 Books,"York, Carol Beach",https://www.goodreads.com/book/show/2994337-sparrow-lake,Sparrow Lake
Crazy for Young Adult Books,"Goo, Maurene",https://www.goodreads.com/book/show/35704397-the-way-you-make-me-feel,The Way You Make Me Feel
Crazy for Young Adult Books,"Menon, Sandhya",https://www.goodreads.com/book/show/36373464-from-twinkle-with-love,"From Twinkle, with Love"
Crazy for Young Adult Books,"Crossan, Sarah",https://www.goodreads.com/book/show/23524610-one,One
Crazy for Young Adult Books,"Danticat, Edwidge",https://www.goodreads.com/book/show/22616123-untwine,Untwine
Crazy for Young Adult Books,"Dietrich, Cale",https://www.goodreads.com/book/show/31145148-the-love-interest,The Love Interest
Crazy for Young Adult Books,"Sugiura, Misa",https://www.goodreads.com/book/show/29073707-it-s-not-like-it-s-a-secret,It's Not Like It's a Secret
Crazy for Young Adult Books,"Silvera, Adam",https://www.goodreads.com/book/show/33385229-they-both-die-at-the-end,They Both Die at the End
Crazy for Young Adult Books,"Taylor, Laini",https://www.goodreads.com/book/show/28449207-strange-the-dreamer,"Strange the Dreamer (Strange the Dreamer, #1)"
Crazy for Young Adult Books,"Albertalli, Becky",https://www.goodreads.com/book/show/30653853-the-upside-of-unrequited,The Upside of Unrequited
Crazy for Young Adult Books,"Albertalli, Becky",https://www.goodreads.com/book/show/19547856-simon-vs-the-homo-sapiens-agenda,"Simon vs. the Homo Sapiens Agenda (Creekwood, #1)"
Crazy for Young Adult Books,"Popović, Lana",https://www.goodreads.com/book/show/32051720-wicked-like-a-wildfire,"Wicked Like a Wildfire (Hibiscus Daughter, #1)"
Crazy for Young Adult Books,"McLemore, Anna-Marie",https://www.goodreads.com/book/show/33158561-wild-beauty,Wild Beauty
Crazy for Young Adult Books,"Thomas, Angie",https://www.goodreads.com/book/show/32075671-the-hate-u-give,The Hate U Give
Crazy for Young Adult Books,"Menon, Sandhya",https://www.goodreads.com/book/show/28458598-when-dimple-met-rishi,When Dimple Met Rishi
Crazy for Young Adult Books,"Banks, Anna",https://www.goodreads.com/book/show/12425532-of-poseidon,"Of Poseidon (The Syrena Legacy, #1)"
Crazy for Young Adult Books,"Cass, Kiera",https://www.goodreads.com/book/show/32826943-the-siren,The Siren
Crazy for Young Adult Books,"Akers, D.C.",https://www.goodreads.com/book/show/17929038-a-stranger-magic,"A Stranger Magic (Haven, #1)"
Crazy for Young Adult Books,"Kirke, Elizabeth",https://www.goodreads.com/book/show/12322282-semester-aboard,"Semester Aboard (More than Magic, #1)"
Crazy for Young Adult Books,"Maniscalco, Kerri",https://www.goodreads.com/book/show/28962906-stalking-jack-the-ripper,"Stalking Jack the Ripper (Stalking Jack the Ripper, #1)"
Crazy for Young Adult Books,"White, Kiersten",https://www.goodreads.com/book/show/27190613-and-i-darken,And I Darken (The Conqueror's Saga #1)
Crazy for Young Adult Books,"Chupeco, Rin",https://www.goodreads.com/book/show/30095464-the-bone-witch,"The Bone Witch (The Bone Witch, #1)"
Crazy for Young Adult Books,"Foody, Amanda",https://www.goodreads.com/book/show/30237061-daughter-of-the-burning-city,Daughter of the Burning City
Crazy for Young Adult Books,"Meadows, Jodi",https://www.goodreads.com/book/show/28524058-before-she-ignites,"Before She Ignites (Fallen Isles, #1)"
Crazy for Young Adult Books,"Schwab, Victoria",https://www.goodreads.com/book/show/32075662-our-dark-duet,"Our Dark Duet (Monsters of Verity, #2)"
Crazy for Young Adult Books,"Oliver, Lauren",https://www.goodreads.com/book/show/22465597-vanishing-girls,Vanishing Girls
Crazy for Young Adult Books,"McManus, Karen",https://www.goodreads.com/book/show/32571395-one-of-us-is-lying,One of Us Is Lying
Crazy for Young Adult Books,"Ahdieh, Renee",https://www.goodreads.com/book/show/23308087-flame-in-the-mist,"Flame in the Mist (Flame in the Mist, #1)"
Crazy for Young Adult Books,"Donnelly, Jennifer",https://www.goodreads.com/book/show/18601430-deep-blue,"Deep Blue (Waterfire Saga, #1)"
Crazy for Young Adult Books,"Roth, Veronica",https://www.goodreads.com/book/show/30117284-carve-the-mark,"Carve the Mark (Carve the Mark, #1)"
Crazy for Young Adult Books,"Garber, Stephanie",https://www.goodreads.com/book/show/27883214-caraval,"Caraval (Caraval, #1)"
New Adult Book Club,"Hoover, Colleen",https://www.goodreads.com/book/show/38926487-all-your-perfects,All Your Perfects
New Adult Book Club,"McAllen, Kellie",https://www.goodreads.com/book/show/39094653-the-mermaid-s-escape,"The Mermaid's Escape (The Siren, #1)"
New Adult Book Club,"Albert, Melissa",https://www.goodreads.com/book/show/34275232-the-hazel-wood,"The Hazel Wood (The Hazel Wood, #1)"
New Adult Book Club,"Watt, Erin",https://www.goodreads.com/book/show/35750273-one-small-thing,One Small Thing
New Adult Book Club,"Ryan, Kennedy",https://www.goodreads.com/book/show/30555412-long-shot,LONG SHOT
New Adult Book Club,"Wolfhart, Jenna",https://www.goodreads.com/book/show/38769071-a-dance-with-darkness,"A Dance With Darkness (Otherworld Academy, #1)"
New Adult Book Club,"Thalassa, Laura",https://www.goodreads.com/book/show/29873919-blood-and-sin,"Blood and Sin (The Infernari, #1)"
New Adult Book Club,"Watt, Erin",https://www.goodreads.com/book/show/34705684-cracked-kingdom,"Cracked Kingdom (The Royals, #5)"
New Adult Book Club,"Cherry, Brittainy C.",https://www.goodreads.com/book/show/35379639-behind-the-bars,"Behind the Bars (Music Street, #1)"
New Adult Book Club,"Armentrout, Jennifer L.",https://www.goodreads.com/book/show/23149316-brave,"Brave (A Wicked Trilogy, #3)"
New Adult Book Club,"Thalassa, Laura",https://www.goodreads.com/book/show/21422225-the-queen-of-all-that-dies,"The Queen of All that Dies (The Fallen World, #1)"
New Adult Book Club,Tijan,https://www.goodreads.com/book/show/34853951-hate-to-love-you,Hate to Love You
New Adult Book Club,"Garber, Stephanie",https://www.goodreads.com/book/show/27883214-caraval,"Caraval (Caraval, #1)"
New Adult Book Club,"Hoover, Colleen",https://www.goodreads.com/book/show/33280872-without-merit,Without Merit
New Adult Book Club,"Cross, Juliette",https://www.goodreads.com/book/show/32172479-the-black-lily,"The Black Lily (Vampire Blood, #1)"
New Adult Book Club,"Watt, Erin",https://www.goodreads.com/book/show/33807229-fallen-heir,"Fallen Heir (The Royals, #4)"
New Adult Book Club,"Bartol, Amy A.",https://www.goodreads.com/book/show/32972153-secondborn,Secondborn (Secondborn #1)
New Adult Book Club,"Riley, Alexa",https://www.goodreads.com/book/show/35218118-stay-close,"Stay Close (For You, #1)"
New Adult Book Club,"Harmon, Amy",https://www.goodreads.com/book/show/29008738-the-bird-and-the-sword,"The Bird and the Sword (The Bird and the Sword Chronicles, #1)"
New Adult Book Club,"Williams, Nicole",https://www.goodreads.com/book/show/34840481-roommates-with-benefits,Roommates with Benefits
New Adult Book Club,"Brown, Stacey Marie",https://www.goodreads.com/book/show/32251115-west,West
New Adult Book Club,"Chase, Emma",https://www.goodreads.com/book/show/29991718-royally-matched,"Royally Matched (Royally, #2)"
New Adult Book Club,"Scott, Kylie",https://www.goodreads.com/book/show/28220678-twist,"Twist (Dive Bar, #2)"
New Adult Book Club,"Maas, Sarah J.",https://www.goodreads.com/book/show/23766634-a-court-of-wings-and-ruin,"A Court of Wings and Ruin (A Court of Thorns and Roses, #3)"
New Adult Book Club,"Madden-Mills, Ilsa",https://www.goodreads.com/book/show/33095590-fake-fianc-e,Fake Fiancée
New Adult Book Club,"James, Vic",https://www.goodreads.com/book/show/30258320-gilded-cage,"Gilded Cage (Dark Gifts, #1)"
New Adult Book Club,"Douglas, Penelope",https://www.goodreads.com/book/show/30327715-next-to-never,"Next to Never (Fall Away, #4.5)"
New Adult Book Club,"Higgins, Wendy",https://www.goodreads.com/book/show/34299752-unrest,Unrest (Unknown #2)
New Adult Book Club,"Brown, Stacey Marie",https://www.goodreads.com/book/show/23531413-city-in-embers,"City in Embers (Collector, #1)"
New Adult Book Club,"Williams, Nicole",https://www.goodreads.com/book/show/33002294-hate-story,Hate Story
YA Buddy Readers' Corner ♥,"Rangaswamy, Ravikiran",https://www.goodreads.com/book/show/22371598-46-14-06-a-story-of-a-genius,"46+14=06, A Story of a Genius"
YA Buddy Readers' Corner ♥,"Vincent, Rachel",https://www.goodreads.com/book/show/6449378-alpha,"Alpha (Shifters, #6)"
YA Buddy Readers' Corner ♥,"Vincent, Rachel",https://www.goodreads.com/book/show/6938348-shift,"Shift (Shifters, #5)"
YA Buddy Readers' Corner ♥,"Vincent, Rachel",https://www.goodreads.com/book/show/6134783-prey,"Prey (Shifters, #4)"
YA Buddy Readers' Corner ♥,"Vincent, Rachel",https://www.goodreads.com/book/show/4583888-pride,"Pride (Shifters, #3)"
YA Buddy Readers' Corner ♥,"Vincent, Rachel",https://www.goodreads.com/book/show/2314315.Rogue,"Rogue (Shifters, #2)"
YA Buddy Readers' Corner ♥,"Vincent, Rachel",https://www.goodreads.com/book/show/793399.Stray,"Stray (Shifters, #1)"
YA Buddy Readers' Corner ♥,"Hoover, Colleen",https://www.goodreads.com/book/show/34324605-confess,Confess
YA Buddy Readers' Corner ♥,"Han, Jenny",https://www.goodreads.com/book/show/8680278-we-ll-always-have-summer,"We'll Always Have Summer (Summer, #3)"
YA Buddy Readers' Corner ♥,"Han, Jenny",https://www.goodreads.com/book/show/5821978-the-summer-i-turned-pretty,"The Summer I Turned Pretty (Summer, #1)"
YA Buddy Readers' Corner ♥,"Sorensen, Jessica",https://www.goodreads.com/book/show/15717876-the-secret-of-ella-and-micha,"The Secret of Ella and Micha (The Secret, #1)"
YA Buddy Readers' Corner ♥,"Redwine, C.J.",https://www.goodreads.com/book/show/23299513-the-shadow-queen,"The Shadow Queen (Ravenspire, #1)"
YA Buddy Readers' Corner ♥,"Nilles, Melanie",https://www.goodreads.com/book/show/6687158-starfire-angels,"Starfire Angels (Starfire Angels: Dark Angel Chronicles, #1)"
YA Buddy Readers' Corner ♥,"Warner, Kelli",https://www.goodreads.com/book/show/35082051-not-with-the-band,Not with the Band
YA Buddy Readers' Corner ♥,"Benway, Robin",https://www.goodreads.com/book/show/13132816-emmy-oliver,Emmy & Oliver
YA Buddy Readers' Corner ♥,"Michaud, Brian",https://www.goodreads.com/book/show/19323273-the-road-to-nyn,The Road to Nyn
YA Buddy Readers' Corner ♥,"Hinkens, Norma",https://www.goodreads.com/book/show/32318250-immurement,"Immurement (Undergrounders, #1)"
YA Buddy Readers' Corner ♥,"Hocking, Amanda",https://www.goodreads.com/book/show/12180581-switched,Switched (Trylle #1)
YA Buddy Readers' Corner ♥,"Minor, A.S.",https://www.goodreads.com/book/show/28285132-the-borderline-between-life-and-poetry,The Borderline Between Life and Poetry
YA Buddy Readers' Corner ♥,"Green, John",https://www.goodreads.com/book/show/33290383-let-it-snow,Let it Snow
YA Buddy Readers' Corner ♥,"Alessandrini, Sophia",https://www.goodreads.com/book/show/38739732-legends-of-astr-a,Legends of Astræa: Cupid's Arrow Book 1 (Legends of Astræa Series)
YA Buddy Readers' Corner ♥,"Deshpande, Santosh",https://www.goodreads.com/book/show/39732983-in-this-world,In This World...: The Saga of an Eternal Journey
YA Buddy Readers' Corner ♥,"Friesen, Jonathan",https://www.goodreads.com/book/show/17070772-aquifer,Aquifer
YA Buddy Readers' Corner ♥,"Wright, Melissa",https://www.goodreads.com/book/show/12996931-frey,"Frey (The Frey Saga, #1)"
YA Buddy Readers' Corner ♥,"O'Gorman, Cookie",https://www.goodreads.com/book/show/28791088-adorkable,Adorkable
YA Buddy Readers' Corner ♥,"McAloon, Sophie",https://www.goodreads.com/book/show/39309949-top-choice,Top Choice
YA Buddy Readers' Corner ♥,"Hogan, P.L.",https://www.goodreads.com/book/show/38738365-katie-o-malley-and-the-obelisk,Katie O'Malley and the Obelisk: Atlantis Bound!
YA Buddy Readers' Corner ♥,"Edens, Sam",https://www.goodreads.com/book/show/34274529-ash-blood-and-bone,"Ash, Blood and Bone"
YA Buddy Readers' Corner ♥,"West, Jonathan J",https://www.goodreads.com/book/show/37813649-girl-force,Girl Force
YA Buddy Readers' Corner ♥,"Dreesman, C.V.",https://www.goodreads.com/book/show/24966824-cursefell,Cursefell
Goodreads Choice Awards Book Club,"Shusterman, Neal",https://www.goodreads.com/book/show/28954189-scythe,"Scythe (Arc of a Scythe, #1)"
Goodreads Choice Awards Book Club,"Garber, Stephanie",https://www.goodreads.com/book/show/27883214-caraval,"Caraval (Caraval, #1)"
Goodreads Choice Awards Book Club,"Grann, David",https://www.goodreads.com/book/show/29496076-killers-of-the-flower-moon,Killers of the Flower Moon: The Osage Murders and the Birth of the FBI
Goodreads Choice Awards Book Club,"Reynolds, Jason",https://www.goodreads.com/book/show/22552026-long-way-down,Long Way Down
Goodreads Choice Awards Book Club,"Koul, Scaachi",https://www.goodreads.com/book/show/30658435-one-day-we-ll-all-be-dead-and-none-of-this-will-matter,One Day We'll All Be Dead and None of This Will Matter
Goodreads Choice Awards Book Club,"Donnelly, Jennifer",https://www.goodreads.com/book/show/33412061-beauty-and-the-beast,Beauty and the Beast: Lost in a Book
Goodreads Choice Awards Book Club,"Clinton, Chelsea",https://www.goodreads.com/book/show/34504361-she-persisted,She Persisted: 13 American Women Who Changed the World
Goodreads Choice Awards Book Club,"Green, John",https://www.goodreads.com/book/show/35504431-turtles-all-the-way-down,Turtles All the Way Down
Goodreads Choice Awards Book Club,"Oliver, Jamie",https://www.goodreads.com/book/show/35069206-5-ingredients-quick-easy-food,5 Ingredients – Quick  Easy Food
Goodreads Choice Awards Book Club,"Schutt, Bill",https://www.goodreads.com/book/show/28110850-cannibalism,Cannibalism: A Perfectly Natural History
Goodreads Choice Awards Book Club,"Hunter, Georgia",https://www.goodreads.com/book/show/30267929-we-were-the-lucky-ones,We Were the Lucky Ones
Goodreads Choice Awards Book Club,"Backman, Fredrik",https://www.goodreads.com/book/show/33413128-beartown,"Beartown (Beartown, #1)"
Goodreads Choice Awards Book Club,"Sager, Riley",https://www.goodreads.com/book/show/32796253-final-girls,Final Girls
Goodreads Choice Awards Book Club,"Mastai, Elan",https://www.goodreads.com/book/show/27405006-all-our-wrong-todays,All Our Wrong Todays
Goodreads Choice Awards Book Club,"Arden, Katherine",https://www.goodreads.com/book/show/25489134-the-bear-and-the-nightingale,"The Bear and the Nightingale (Winternight Trilogy, #1)"
Goodreads Choice Awards Book Club,"Rowling, J.K.",https://www.goodreads.com/book/show/29363501-fantastic-beasts-and-where-to-find-them,Fantastic Beasts and Where to Find Them: The Original Screenplay
Goodreads Choice Awards Book Club,"Graham, Lauren",https://www.goodreads.com/book/show/30253864-talking-as-fast-as-i-can,"Talking as Fast as I Can: From Gilmore Girls to Gilmore Girls, and Everything in Between"
Goodreads Choice Awards Book Club,"Drummond, Ree",https://www.goodreads.com/book/show/34016989-the-pioneer-woman-cooks,"The Pioneer Woman Cooks: Come and Get It! Simple, Scrumptious Recipes for Crazy Busy Lives"
Goodreads Choice Awards Book Club,"King, Stephen",https://www.goodreads.com/book/show/34466922-sleeping-beauties,Sleeping Beauties
Goodreads Choice Awards Book Club,"Tyson, Neil deGrasse ",https://www.goodreads.com/book/show/32191710-astrophysics-for-people-in-a-hurry,Astrophysics for People in a Hurry
Goodreads Choice Awards Book Club,"Wingate, Lisa",https://www.goodreads.com/book/show/32148570-before-we-were-yours,Before We Were Yours
Goodreads Choice Awards Book Club,"Singh, Lilly",https://www.goodreads.com/book/show/31202835-how-to-be-a-bawse,How to Be a Bawse: A Guide to Conquering Life
Goodreads Choice Awards Book Club,"Hoover, Colleen",https://www.goodreads.com/book/show/33280872-without-merit,Without Merit
Goodreads Choice Awards Book Club,"Andersen, Sarah",https://www.goodreads.com/book/show/30754980-big-mushy-happy-lump,"Big Mushy Happy Lump (Sarah's Scribbles, #2)"
Goodreads Choice Awards Book Club,"Clinton, Hillary Rodham",https://www.goodreads.com/book/show/34114362-what-happened,What Happened
Goodreads Choice Awards Book Club,"Moore, Kate",https://www.goodreads.com/book/show/31409135-the-radium-girls,The Radium Girls: The Dark Story of America's Shining Women
Goodreads Choice Awards Book Club,"Weir, Andy",https://www.goodreads.com/book/show/34928122-artemis,Artemis
Goodreads Choice Awards Book Club,"Kaur, Rupi",https://www.goodreads.com/book/show/35606560-the-sun-and-her-flowers,The Sun and Her Flowers
Goodreads Choice Awards Book Club,"Maas, Sarah J.",https://www.goodreads.com/book/show/23766634-a-court-of-wings-and-ruin,"A Court of Wings and Ruin (A Court of Thorns and Roses, #3)"
Goodreads Choice Awards Book Club,"Palacio, R.J.",https://www.goodreads.com/book/show/33120612-we-re-all-wonders,We're All Wonders
Lovers of Paranormal ,"Lynch, Karen",https://www.goodreads.com/book/show/20427449-relentless,"Relentless (Relentless, #1)"
Lovers of Paranormal ,"Harris, Charlaine",https://www.goodreads.com/book/show/301082.Dead_Until_Dark,"Dead Until Dark (Sookie Stackhouse, #1)"
Lovers of Paranormal ,"Gockel, C.",https://www.goodreads.com/book/show/18140254-wolves,"Wolves (I Bring the Fire, #1)"
Lovers of Paranormal ,"Rowling, J.K.",https://www.goodreads.com/book/show/3.Harry_Potter_and_the_Sorcerer_s_Stone,"Harry Potter and the Sorcerer's Stone (Harry Potter, #1)"
Lovers of Paranormal ,"Meyer, Stephenie",https://www.goodreads.com/book/show/41865.Twilight,"Twilight (Twilight, #1)"
Lovers of Paranormal ,"Mayer, Dale",https://www.goodreads.com/book/show/11780557-tuesday-s-child,"Tuesday's Child (Psychic Visions, #1)"
Lovers of Paranormal ,"Dunbar, Debra",https://www.goodreads.com/book/show/17979809-a-demon-bound,"A Demon Bound (Imp, #1)"
Lovers of Paranormal ,"Goldman, William",https://www.goodreads.com/book/show/21787.The_Princess_Bride,The Princess Bride
Lovers of Paranormal ,"Marsden, K.S.",https://www.goodreads.com/book/show/17972985-the-shadow-rises,"The Shadow Rises (Witch-Hunter, #1)"
Lovers of Paranormal ,"Walters, Ednah",https://www.goodreads.com/book/show/18046743-runes,"Runes (Runes, #1)"
Lovers of Paranormal ,"DaCosta, Pippa",https://www.goodreads.com/book/show/26130854-beyond-the-veil,"Beyond the Veil (The Veil, #1)"
Lovers of Paranormal ,"Peterman, Robyn",https://www.goodreads.com/book/show/18455548-fashionably-dead,"Fashionably Dead (Hot Damned, #1)"
Lovers of Paranormal ,"Dean, Cate",https://www.goodreads.com/book/show/18806514-alex-finch,"Alex Finch: Monster Hunter (The Monster Files, #1)"
Lovers of Paranormal ,"Rosa, Veronica Del",https://www.goodreads.com/book/show/25719440-magic-resistant,"Magic Resistant (Enforcers and Coterie, #1)"
Lovers of Paranormal ,"Clines, Peter",https://www.goodreads.com/book/show/15062217-14,14
Lovers of Paranormal ,"Lewis, Kimberly",https://www.goodreads.com/book/show/23109694-the-messenger,The Messenger
Lovers of Paranormal ,"Hunter, C.C.",https://www.goodreads.com/book/show/8705784-born-at-midnight,"Born at Midnight (Shadow Falls, #1)"
Lovers of Paranormal ,"McQuain, K.D.",https://www.goodreads.com/book/show/25884402-nyv,"NYV: PUNK (New York Vampire, #1)"
Lovers of Paranormal ,"Hardinge, Frances",https://www.goodreads.com/book/show/23592175-the-lie-tree,The Lie Tree
Lovers of Paranormal ,"Moncrief, Charlene",https://www.goodreads.com/book/show/24920269-flight,Flight
Lovers of Paranormal ,"Matheson, Richard",https://www.goodreads.com/book/show/14064.I_Am_Legend,I Am Legend
Lovers of Paranormal ,"Shutt, Tom",https://www.goodreads.com/book/show/26059986-brooding-city,"Brooding City (Brooding City Series, #1)"
Lovers of Paranormal ,"Yancey, Rick",https://www.goodreads.com/book/show/16101128-the-5th-wave,"The 5th Wave (The 5th Wave, #1)"
Lovers of Paranormal ,"Wells, Jaye",https://www.goodreads.com/book/show/15831653-dirty-magic,"Dirty Magic (Prospero's War, #1)"
Lovers of Paranormal ,"Michaels, Briana",https://www.goodreads.com/book/show/24993346-shatter,"Shatter (Sins of the Sidhe, #1)"
Lovers of Paranormal ,"Morris, Randall",https://www.goodreads.com/book/show/21915345-minor-demons,Minor Demons
Lovers of Paranormal ,"Estep, Jennifer",https://www.goodreads.com/book/show/18745159-poison-promise,"Poison Promise (Elemental Assassin, #11)"
Lovers of Paranormal ,"Jordan, Isabel",https://www.goodreads.com/book/show/23154817-semi-charmed,Semi-Charmed (Harper Hall Investigations #1)
Lovers of Paranormal ,"King, Stephen",https://www.goodreads.com/book/show/11588.The_Shining,"The Shining (The Shining, #1)"
Lovers of Paranormal ,"Gardiner, Nicky P.",https://www.goodreads.com/book/show/23511170-the-showman-and-the-shade,The Showman And The Shade
"Crime, Mysteries & Thrillers","Alabaster, Stacey",https://www.goodreads.com/book/show/29560101-a-pie-to-die-for,A Pie to Die for (Bakery Detectives #1)
"Crime, Mysteries & Thrillers","Clinton, Bill",https://www.goodreads.com/book/show/35097255-the-president-is-missing,The President Is Missing
"Crime, Mysteries & Thrillers","King, Stephen",https://www.goodreads.com/book/show/36124936-the-outsider,The Outsider
"Crime, Mysteries & Thrillers","Christie, Agatha",https://www.goodreads.com/book/show/16331.Murder_at_the_Vicarage,Murder at the Vicarage (Miss Marple #1)
"Crime, Mysteries & Thrillers","Christie, Agatha",https://www.goodreads.com/book/show/651162.Curtain,Curtain: Poirot's Last Case
"Crime, Mysteries & Thrillers","Hawkins, Paula",https://www.goodreads.com/book/show/33151805-into-the-water,Into the Water
"Crime, Mysteries & Thrillers","Moore, Christopher",https://www.goodreads.com/book/show/35301333-noir,Noir
"Crime, Mysteries & Thrillers","Turton, Stuart",https://www.goodreads.com/book/show/35967101-the-seven-deaths-of-evelyn-hardcastle,The Seven Deaths of Evelyn Hardcastle
"Crime, Mysteries & Thrillers","Christie, Agatha",https://www.goodreads.com/book/show/131359.Death_on_the_Nile,Death on the Nile (Hercule Poirot #17)
"Crime, Mysteries & Thrillers","Christie, Agatha",https://www.goodreads.com/book/show/16328.The_Murder_of_Roger_Ackroyd,The Murder of Roger Ackroyd (Hercule Poirot #4)
"Crime, Mysteries & Thrillers","Delaney, J.P.",https://www.goodreads.com/book/show/28016509-the-girl-before,The Girl Before
"Crime, Mysteries & Thrillers","Grann, David",https://www.goodreads.com/book/show/29496076-killers-of-the-flower-moon,Killers of the Flower Moon: The Osage Murders and the Birth of the FBI
"Crime, Mysteries & Thrillers","Christie, Agatha",https://www.goodreads.com/book/show/16343.The_Mysterious_Affair_at_Styles,The Mysterious Affair at Styles (Hercule Poirot #1)
"Crime, Mysteries & Thrillers","Abbott, Rachel",https://www.goodreads.com/book/show/16244754-only-the-innocent,"Only the Innocent (DCI Tom Douglas, #1)"
"Crime, Mysteries & Thrillers","Paris, B.A.",https://www.goodreads.com/book/show/29437949-behind-closed-doors,Behind Closed Doors
"Crime, Mysteries & Thrillers","Tudor, C.J.",https://www.goodreads.com/book/show/35356382-the-chalk-man,The Chalk Man
"Crime, Mysteries & Thrillers","Ide, Joe",https://www.goodreads.com/book/show/28962895-iq,"IQ (IQ, #1)"
"Crime, Mysteries & Thrillers","Chesterton, G.K.",https://www.goodreads.com/book/show/184591.The_Innocence_of_Father_Brown,"The Innocence of Father Brown (Father Brown, #1)"
"Crime, Mysteries & Thrillers","Kerr, Philip",https://www.goodreads.com/book/show/236819.March_Violets,"March Violets (Bernie Gunther, #1)"
"Crime, Mysteries & Thrillers","Meltzer, Brad",https://www.goodreads.com/book/show/31933276-the-escape-artist,The Escape Artist
"Crime, Mysteries & Thrillers","Mackintosh, Clare",https://www.goodreads.com/book/show/35376281-let-me-lie,Let Me Lie
"Crime, Mysteries & Thrillers","Finn, A.J.",https://www.goodreads.com/book/show/34848682-the-woman-in-the-window,The Woman in the Window
"Crime, Mysteries & Thrillers","Kendrick, Chloe",https://www.goodreads.com/book/show/25348433-murder-to-go,Murder to Go (Food Truck Mysteries #1)
"Crime, Mysteries & Thrillers","Crais, Robert",https://www.goodreads.com/book/show/32336273-the-wanted,"The Wanted (Elvis Cole, #17; Joe Pike, #6)"
"Crime, Mysteries & Thrillers","Caine, Rachel",https://www.goodreads.com/book/show/35329101-killman-creek,"Killman Creek (Stillhouse Lake, #2)"
"Crime, Mysteries & Thrillers","Weir, Andy",https://www.goodreads.com/book/show/34928122-artemis,Artemis
"Crime, Mysteries & Thrillers","Heaberlin, Julia",https://www.goodreads.com/book/show/23746004-black-eyed-susans,Black-Eyed Susans
"Crime, Mysteries & Thrillers","Barker, J.D.",https://www.goodreads.com/book/show/31125554-the-fourth-monkey,"The Fourth Monkey (4MK Thriller, #1)"
"Crime, Mysteries & Thrillers","Peters, Ellis",https://www.goodreads.com/book/show/321545.A_Morbid_Taste_for_Bones,A Morbid Taste for Bones (Chronicles of Brother Cadfael #1)
"Crime, Mysteries & Thrillers","Grafton, Sue",https://www.goodreads.com/book/show/31116293-y-is-for-yesterday,"Y is for Yesterday (Kinsey Millhone, #25)"
EVERYONE Has Read This but Me - The Catch-Up Book Club,"Capote, Truman",https://www.goodreads.com/book/show/168642.In_Cold_Blood,In Cold Blood
EVERYONE Has Read This but Me - The Catch-Up Book Club,"Coelho, Paulo",https://www.goodreads.com/book/show/865.The_Alchemist,The Alchemist
EVERYONE Has Read This but Me - The Catch-Up Book Club,"Plath, Sylvia",https://www.goodreads.com/book/show/6514.The_Bell_Jar,The Bell Jar
EVERYONE Has Read This but Me - The Catch-Up Book Club,"Honeyman, Gail",https://www.goodreads.com/book/show/32503381-eleanor-oliphant-is-completely-fine,Eleanor Oliphant Is Completely Fine
EVERYONE Has Read This but Me - The Catch-Up Book Club,"Natsume, Sōseki",https://www.goodreads.com/book/show/169432.I_Am_a_Cat,I Am a Cat: I
EVERYONE Has Read This but Me - The Catch-Up Book Club,"Murakami, Haruki",https://www.goodreads.com/book/show/10357575-1q84,1Q84
EVERYONE Has Read This but Me - The Catch-Up Book Club,"L'Engle, Madeleine",https://www.goodreads.com/book/show/18131.A_Wrinkle_in_Time,"A Wrinkle in Time (Time Quintet, #1)"
EVERYONE Has Read This but Me - The Catch-Up Book Club,"Ng, Celeste",https://www.goodreads.com/book/show/36232831-little-fires-everywhere,Little Fires Everywhere
EVERYONE Has Read This but Me - The Catch-Up Book Club,"Frank, Anne",https://www.goodreads.com/book/show/1573309.The_Diary_of_a_Young_Girl,The Diary of a Young Girl
EVERYONE Has Read This but Me - The Catch-Up Book Club,"Tyson, Neil deGrasse ",https://www.goodreads.com/book/show/35416279-astrophysics-for-people-in-a-hurry,Astrophysics for People in a Hurry
EVERYONE Has Read This but Me - The Catch-Up Book Club,"Wilde, Oscar",https://www.goodreads.com/book/show/5297.The_Picture_of_Dorian_Gray,The Picture of Dorian Gray
EVERYONE Has Read This but Me - The Catch-Up Book Club,"Thomas, Angie",https://www.goodreads.com/book/show/36370603-the-hate-u-give,The Hate U Give
EVERYONE Has Read This but Me - The Catch-Up Book Club,"Christie, Agatha",https://www.goodreads.com/book/show/35738444-murder-on-the-orient-express,Murder on the Orient Express (Hercule Poirot #10)
EVERYONE Has Read This but Me - The Catch-Up Book Club,"Ishiguro, Kazuo",https://www.goodreads.com/book/show/6334.Never_Let_Me_Go,Never Let Me Go
EVERYONE Has Read This but Me - The Catch-Up Book Club,"Lee, Harper",https://www.goodreads.com/book/show/2657.To_Kill_a_Mockingbird,"To Kill a Mockingbird (To Kill a Mockingbird, #1)"
EVERYONE Has Read This but Me - The Catch-Up Book Club,"Crouch, Blake",https://www.goodreads.com/book/show/27833670-dark-matter,Dark Matter
EVERYONE Has Read This but Me - The Catch-Up Book Club,"Garcí­a Márquez, Gabriel",https://www.goodreads.com/book/show/320.One_Hundred_Years_of_Solitude,One Hundred Years of Solitude
EVERYONE Has Read This but Me - The Catch-Up Book Club,"Morgenstern, Erin",https://www.goodreads.com/book/show/9361589-the-night-circus,The Night Circus
EVERYONE Has Read This but Me - The Catch-Up Book Club,"Poe, Edgar Allan",https://www.goodreads.com/book/show/264158.The_Raven,The Raven
EVERYONE Has Read This but Me - The Catch-Up Book Club,"King, Stephen",https://www.goodreads.com/book/show/830502.It,It
EVERYONE Has Read This but Me - The Catch-Up Book Club,"Christie, Agatha",https://www.goodreads.com/book/show/16299.And_Then_There_Were_None,And Then There Were None
EVERYONE Has Read This but Me - The Catch-Up Book Club,"Capote, Truman",https://www.goodreads.com/book/show/15785457-breakfast-at-tiffany-s,Breakfast at Tiffany's
EVERYONE Has Read This but Me - The Catch-Up Book Club,"Adams, Douglas",https://www.goodreads.com/book/show/11.The_Hitchhiker_s_Guide_to_the_Galaxy,"The Hitchhiker's Guide to the Galaxy (Hitchhiker's Guide to the Galaxy, #1)"
EVERYONE Has Read This but Me - The Catch-Up Book Club,"Dickens, Charles",https://www.goodreads.com/book/show/1953.A_Tale_of_Two_Cities,A Tale of Two Cities
EVERYONE Has Read This but Me - The Catch-Up Book Club,"Rowling, J.K.",https://www.goodreads.com/book/show/3.Harry_Potter_and_the_Sorcerer_s_Stone,"Harry Potter and the Sorcerer's Stone (Harry Potter, #1)"
EVERYONE Has Read This but Me - The Catch-Up Book Club,"Burgess, Anthony",https://www.goodreads.com/book/show/227463.A_Clockwork_Orange,A Clockwork Orange
EVERYONE Has Read This but Me - The Catch-Up Book Club,"Doerr, Anthony",https://www.goodreads.com/book/show/18143977-all-the-light-we-cannot-see,All the Light We Cannot See
EVERYONE Has Read This but Me - The Catch-Up Book Club,"Brontë, Emily",https://www.goodreads.com/book/show/6185.Wuthering_Heights,Wuthering Heights
EVERYONE Has Read This but Me - The Catch-Up Book Club,"Zusak, Markus",https://www.goodreads.com/book/show/19063.The_Book_Thief,The Book Thief
EVERYONE Has Read This but Me - The Catch-Up Book Club,"Hemingway, Ernest",https://www.goodreads.com/book/show/3876.The_Sun_Also_Rises,The Sun Also Rises
Catching up on Classics (and lots more!),"Shakespeare, William",https://www.goodreads.com/book/show/1420.Hamlet,Hamlet
Catching up on Classics (and lots more!),"West, Rebecca",https://www.goodreads.com/book/show/160010.The_Return_of_the_Soldier,The Return of the Soldier
Catching up on Classics (and lots more!),"Faulkner, William",https://www.goodreads.com/book/show/10979.Light_in_August,Light in August
Catching up on Classics (and lots more!),"Wharton, Edith",https://www.goodreads.com/book/show/269528.Summer,Summer
Catching up on Classics (and lots more!),"Gibbons, Stella",https://www.goodreads.com/book/show/92780.Cold_Comfort_Farm,Cold Comfort Farm
Catching up on Classics (and lots more!),"Goethe, Johann Wolfgang von",https://www.goodreads.com/book/show/16640.The_Sorrows_of_Young_Werther,The Sorrows of Young Werther
Catching up on Classics (and lots more!),"White, T.H.",https://www.goodreads.com/book/show/43545.The_Once_and_Future_King,The Once and Future King (The Once and Future King #1-4)
Catching up on Classics (and lots more!),"Baldwin, James",https://www.goodreads.com/book/show/38462.Giovanni_s_Room,Giovanni's Room
Catching up on Classics (and lots more!),"Dostoyevsky, Fyodor",https://www.goodreads.com/book/show/5695.Demons,Demons
Catching up on Classics (and lots more!),"Bly, Nellie",https://www.goodreads.com/book/show/1642216.Ten_Days_in_a_Mad_House,Ten Days in a Mad-House
Catching up on Classics (and lots more!),"Forster, E.M.",https://www.goodreads.com/book/show/3087.A_Room_with_a_View,A Room with a View
Catching up on Classics (and lots more!),"Beckett, Samuel",https://www.goodreads.com/book/show/17716.Waiting_for_Godot,Waiting for Godot
Catching up on Classics (and lots more!),"Eliot, George",https://www.goodreads.com/book/show/20564.The_Mill_on_the_Floss,The Mill on the Floss
Catching up on Classics (and lots more!),"Solzhenitsyn, Aleksandr",https://www.goodreads.com/book/show/17125.One_Day_in_the_Life_of_Ivan_Denisovich,One Day in the Life of Ivan Denisovich
Catching up on Classics (and lots more!),"Cisneros, Sandra",https://www.goodreads.com/book/show/139253.The_House_on_Mango_Street,The House on Mango Street
Catching up on Classics (and lots more!),"Eliot, George",https://www.goodreads.com/book/show/54539.Silas_Marner,Silas Marner
Catching up on Classics (and lots more!),"Le Guin, Ursula K.",https://www.goodreads.com/book/show/13642.A_Wizard_of_Earthsea,"A Wizard of Earthsea (Earthsea Cycle, #1)"
Catching up on Classics (and lots more!),Sun Tzu,https://www.goodreads.com/book/show/10534.The_Art_of_War,The Art of War
Catching up on Classics (and lots more!),"Dostoyevsky, Fyodor",https://www.goodreads.com/book/show/1772910.White_Nights,White Nights
Catching up on Classics (and lots more!),"Wilde, Oscar",https://www.goodreads.com/book/show/92303.The_Importance_of_Being_Earnest,The Importance of Being Earnest
Catching up on Classics (and lots more!),"Goethe, Johann Wolfgang von",https://www.goodreads.com/book/show/406373.Faust,Faust
Catching up on Classics (and lots more!),"Fitzgerald, F. Scott",https://www.goodreads.com/book/show/46164.Tender_Is_the_Night,Tender Is the Night
Catching up on Classics (and lots more!),"Hemingway, Ernest",https://www.goodreads.com/book/show/30317485-the-snows-of-kilimanjaro,The Snows of Kilimanjaro
Catching up on Classics (and lots more!),"Calvino, Italo",https://www.goodreads.com/book/show/374233.If_on_a_Winter_s_Night_a_Traveler,If on a Winter's Night a Traveler
Catching up on Classics (and lots more!),"Shakespeare, William",https://www.goodreads.com/book/show/8852.Macbeth,Macbeth
Catching up on Classics (and lots more!),"Shakespeare, William",https://www.goodreads.com/book/show/18135.Romeo_and_Juliet,Romeo and Juliet
Catching up on Classics (and lots more!),"Joyce, James",https://www.goodreads.com/book/show/338798.Ulysses,Ulysses
Catching up on Classics (and lots more!),"Woolf, Virginia",https://www.goodreads.com/book/show/33861670-a-room-of-one-s-own,A Room of One's Own
Catching up on Classics (and lots more!),"Atwood, Margaret",https://www.goodreads.com/book/show/72579.Alias_Grace,Alias Grace
Catching up on Classics (and lots more!),"Kafka, Franz",https://www.goodreads.com/book/show/17690.The_Trial,The Trial
Around the Year in 52 Books ,"Baldwin, Rosecrans",https://www.goodreads.com/book/show/13159149-paris-i-love-you-but-you-re-bringing-me-down,"Paris, I Love You but You're Bringing Me Down"
Around the Year in 52 Books ,"Stoneley, Zara",https://www.goodreads.com/book/show/38576218-the-wedding-date,The Wedding Date
Around the Year in 52 Books ,"Harding, Robyn",https://www.goodreads.com/book/show/36373379-her-pretty-face,Her Pretty Face
Around the Year in 52 Books ,"Thompson, Heather Ann",https://www.goodreads.com/book/show/28007898-blood-in-the-water,Blood in the Water: The Attica Prison Uprising of 1971 and Its Legacy
Around the Year in 52 Books ,"Poe, Edgar Allan",https://www.goodreads.com/book/show/9507278-the-complete-works-of-edgar-allan-poe,The Complete Works of Edgar Allan Poe
Around the Year in 52 Books ,"Gemmell, David",https://www.goodreads.com/book/show/618177.Legend,"Legend (The Drenai Saga, #1)"
Around the Year in 52 Books ,"McGuire, Seanan",https://www.goodreads.com/book/show/17907054-indexing,"Indexing (Indexing, #1)"
Around the Year in 52 Books ,"Soukup, Martha",https://www.goodreads.com/book/show/23693223-a-defense-of-the-social-contracts,A Defense of the Social Contracts
Around the Year in 52 Books ,"Rosnay, Tatiana de",https://www.goodreads.com/book/show/37638024-the-rain-watcher,The Rain Watcher
Around the Year in 52 Books ,"Hamilton, Masha",https://www.goodreads.com/book/show/78425.The_Camel_Bookmobile,The Camel Bookmobile
Around the Year in 52 Books ,"Burroughs, Edgar Rice",https://www.goodreads.com/book/show/589897.The_Return_of_Tarzan,"The Return of Tarzan (Tarzan, #2)"
Around the Year in 52 Books ,"Pötzsch, Oliver",https://www.goodreads.com/book/show/9496240-the-hangman-s-daughter,"The Hangman's Daughter (The Hangman's Daughter, #1)"
Around the Year in 52 Books ,"Sapkowski, Andrzej",https://www.goodreads.com/book/show/25318857-sword-of-destiny,"Sword of Destiny (The Witcher, #2)"
Around the Year in 52 Books ,"Stephenson, Neal",https://www.goodreads.com/book/show/32075825-the-rise-and-fall-of-d-o-d-o,The Rise and Fall of D.O.D.O.
Around the Year in 52 Books ,"Roberts, Adam",https://www.goodreads.com/book/show/6056346-yellow-blue-tibia,Yellow Blue Tibia
Around the Year in 52 Books ,"Kondo, Marie",https://www.goodreads.com/book/show/25614984-spark-joy,Spark Joy: An Illustrated Master Class on the Art of Organizing and Tidying Up
Around the Year in 52 Books ,"McGuire, Seanan",https://www.goodreads.com/book/show/25547096-reflections,"Reflections (Indexing, #2)"
Around the Year in 52 Books ,"Layne, Lauren",https://www.goodreads.com/book/show/36307262-hot-asset,"Hot Asset (21 Wall Street, #1)"
Around the Year in 52 Books ,"Worth, Jennifer",https://www.goodreads.com/book/show/21288872-call-the-midwife,"Call the Midwife (The Midwife Trilogy, #1)"
Around the Year in 52 Books ,"Bancroft, Josiah",https://www.goodreads.com/book/show/35271523-senlin-ascends,"Senlin Ascends (The Books of Babel, #1)"
Around the Year in 52 Books ,"Lynch, Jim",https://www.goodreads.com/book/show/6098855-border-songs,Border Songs
Around the Year in 52 Books ,"Weeks, Brent",https://www.goodreads.com/book/show/12499290-the-blinding-knife,"The Blinding Knife (Lightbringer, #2)"
Around the Year in 52 Books ,"Heivoll, Gaute",https://www.goodreads.com/book/show/17934650-before-i-burn,Before I Burn
Around the Year in 52 Books ,"Wodehouse, P.G.",https://www.goodreads.com/book/show/16401.The_Luck_of_the_Bodkins,The Luck of the Bodkins
Around the Year in 52 Books ,"Dunant, Sarah",https://www.goodreads.com/book/show/28078.The_Birth_of_Venus,The Birth of Venus
Around the Year in 52 Books ,"Beaton, M.C.",https://www.goodreads.com/book/show/724715.Death_of_a_Glutton,"Death of a Glutton (Hamish Macbeth, #8)"
Around the Year in 52 Books ,"Lawson, Richard",https://www.goodreads.com/book/show/35134091-all-we-can-do-is-wait,All We Can Do Is Wait
Around the Year in 52 Books ,"Weir, Alison",https://www.goodreads.com/book/show/1933181.The_Lady_Elizabeth,The Lady Elizabeth
Around the Year in 52 Books ,"Wheeler, Jaci",https://www.goodreads.com/book/show/36535545-silent-song,Silent Song
Around the Year in 52 Books ,"Barry, Kevin",https://www.goodreads.com/book/show/16094938-dark-lies-the-island,Dark Lies the Island
Christian Fiction Devourers,"Joubert, Irma",https://www.goodreads.com/book/show/29587718-child-of-the-river,Child of the River
Christian Fiction Devourers,"Camden, Elizabeth",https://www.goodreads.com/book/show/34020181-a-dangerous-legacy,"A Dangerous Legacy (Empire State, #1)"
Christian Fiction Devourers,"Stevens, Amanda G.",https://www.goodreads.com/book/show/36459591-no-less-days,No Less Days
Christian Fiction Devourers,"Johnson, Liz",https://www.goodreads.com/book/show/25795314-the-red-door-inn,"The Red Door Inn (Prince Edward Island Dreams, #1)"
Christian Fiction Devourers,"Griep, Michelle",https://www.goodreads.com/book/show/35488734-the-innkeeper-s-daughter,The Innkeeper's Daughter (The Bow Street Runners #2)
Christian Fiction Devourers,"Witemeyer, Karen",https://www.goodreads.com/book/show/23411536-a-worthy-pursuit,"A Worthy Pursuit (A Worthy Pursuit, #1)"
Christian Fiction Devourers,"Witemeyer, Karen",https://www.goodreads.com/book/show/27066694-no-other-will-do,"No Other Will Do (Ladies of Harper’s Station, #1)"
Christian Fiction Devourers,"Tagg, Melissa",https://www.goodreads.com/book/show/22504496-from-the-start,"From the Start (Walker Family, #1)"
Christian Fiction Devourers,"Rubart, James L.",https://www.goodreads.com/book/show/26093614-the-five-times-i-met-myself,The Five Times I Met Myself
Christian Fiction Devourers,"Walsh, Courtney",https://www.goodreads.com/book/show/32980228-just-look-up,Just Look Up (Harbor Pointe #1)
Christian Fiction Devourers,"Cambron, Kristy",https://www.goodreads.com/book/show/35554148-the-lost-castle,"The Lost Castle (The Lost Castle, #1)"
Christian Fiction Devourers,"Cambron, Kristy",https://www.goodreads.com/book/show/22578264-a-sparrow-in-terezin,A Sparrow in Terezin (Hidden Masterpiece #2)
Christian Fiction Devourers,"White, Roseanna M.",https://www.goodreads.com/book/show/15709082-ring-of-secrets,"Ring of Secrets (The Culper Ring, #1)"
Christian Fiction Devourers,"Witemeyer, Karen",https://www.goodreads.com/book/show/32510778-heart-on-the-line,"Heart on the Line (Ladies of Harper’s Station, #2)"
Christian Fiction Devourers,"Cambron, Kristy",https://www.goodreads.com/book/show/29737083-the-illusionist-s-apprentice,The Illusionist's Apprentice
Christian Fiction Devourers,"Hillman, Pam",https://www.goodreads.com/book/show/33107254-the-promise-of-breeze-hill,"The Promise of Breeze Hill (Natchez Trace, #1)"
Christian Fiction Devourers,"Wingate, Lisa",https://www.goodreads.com/book/show/32148570-before-we-were-yours,Before We Were Yours
Christian Fiction Devourers,"Carlson, Melody",https://www.goodreads.com/book/show/28637693-the-christmas-angel-project,The Christmas Angel Project
Christian Fiction Devourers,"White, Roseanna M.",https://www.goodreads.com/book/show/24845314-giver-of-wonders,Giver of Wonders: How a Christmas Tradition Began
Christian Fiction Devourers,"Moser, Nancy",https://www.goodreads.com/book/show/6973760-masquerade,Masquerade
Christian Fiction Devourers,"Ganshert, Katie",https://www.goodreads.com/book/show/31364181-life-after,Life After
Christian Fiction Devourers,"Bradley, Patricia",https://www.goodreads.com/book/show/30259138-justice-delayed,Justice Delayed (Memphis Cold Case #1)
Christian Fiction Devourers,"Turansky, Carrie",https://www.goodreads.com/book/show/30618378-shine-like-the-dawn,Shine Like the Dawn
Christian Fiction Devourers,"White, Roseanna M.",https://www.goodreads.com/book/show/22383696-the-lost-heiress,"The Lost Heiress (Ladies of the Manor, #1)"
Christian Fiction Devourers,"Jones, Jenny B.",https://www.goodreads.com/book/show/34725692-engaged-in-trouble,Engaged in Trouble (Enchanted Events #1)
Christian Fiction Devourers,"Isaac, Kara",https://www.goodreads.com/book/show/26029290-close-to-you,Close to You
Christian Fiction Devourers,"Green, Jocelyn",https://www.goodreads.com/book/show/30259051-the-mark-of-the-king,The Mark of the King
Christian Fiction Devourers,"Hedlund, Jody",https://www.goodreads.com/book/show/29358388-newton-and-polly,Newton and Polly: A Novel of Amazing Grace
Christian Fiction Devourers,"West, Catherine",https://www.goodreads.com/book/show/27840648-the-things-we-knew,The Things We Knew
Christian Fiction Devourers,"Gray, Shelley Shepard",https://www.goodreads.com/book/show/27840589-the-loyal-heart,The Loyal Heart (Lone Star Hero #1)
Young Adult Contemporary Romance,"Thomas, Angie",https://www.goodreads.com/book/show/32075671-the-hate-u-give,The Hate U Give
Young Adult Contemporary Romance,"Welch, Jenna Evans",https://www.goodreads.com/book/show/32333026-love-luck,Love & Luck
Young Adult Contemporary Romance,"Scott, Ginger",https://www.goodreads.com/book/show/40035422-cry-baby,Cry Baby
Young Adult Contemporary Romance,"Waters, Tawni",https://www.goodreads.com/book/show/32470612-the-long-ride-home,The Long Ride Home
Young Adult Contemporary Romance,"Garden, Nancy",https://www.goodreads.com/book/show/39086702-annie-on-my-mind,Annie on My Mind
Young Adult Contemporary Romance,"Poston, Ashley",https://www.goodreads.com/book/show/30724132-geekerella,Geekerella
Young Adult Contemporary Romance,"Schneider, Robyn",https://www.goodreads.com/book/show/35230429-invisible-ghosts,Invisible Ghosts
Young Adult Contemporary Romance,"Young, Samantha",https://www.goodreads.com/book/show/36269878-the-fragile-ordinary,The Fragile Ordinary
Young Adult Contemporary Romance,"Watt, Erin",https://www.goodreads.com/book/show/35750273-one-small-thing,One Small Thing
Young Adult Contemporary Romance,"Williams, Nicole",https://www.goodreads.com/book/show/36450338-almost-impossible,Almost Impossible
Young Adult Contemporary Romance,"Matson, Morgan",https://www.goodreads.com/book/show/32333338-save-the-date,Save the Date
Young Adult Contemporary Romance,"Murphy, Julie",https://www.goodreads.com/book/show/28269171-puddin,"Puddin' (Dumplin', #2)"
Young Adult Contemporary Romance,"Murphy, Julie",https://www.goodreads.com/book/show/18304322-dumplin,"Dumplin' (Dumplin', #1)"
Young Adult Contemporary Romance,"West, Kasie",https://www.goodreads.com/book/show/36127456-listen-to-your-heart,Listen to Your Heart
Young Adult Contemporary Romance,"Vivian, Siobhan",https://www.goodreads.com/book/show/32333296-stay-sweet,Stay Sweet
Young Adult Contemporary Romance,"Albertalli, Becky",https://www.goodreads.com/book/show/31180248-leah-on-the-offbeat,"Leah on the Offbeat (Creekwood, #2)"
Young Adult Contemporary Romance,"Bennett, Jenn",https://www.goodreads.com/book/show/35297469-starry-eyes,Starry Eyes
Young Adult Contemporary Romance,"Forman, Gayle",https://www.goodreads.com/book/show/36470842-i-have-lost-my-way,I Have Lost My Way
Young Adult Contemporary Romance,"Barnard, Sara",https://www.goodreads.com/book/show/35495848-goodbye-perfect,"Goodbye, Perfect"
Young Adult Contemporary Romance,"Chao, Gloria",https://www.goodreads.com/book/show/35297380-american-panda,American Panda
Young Adult Contemporary Romance,"Solomon, Rachel Lynn",https://www.goodreads.com/book/show/30339479-you-ll-miss-me-when-i-m-gone,You'll Miss Me When I'm Gone
Young Adult Contemporary Romance,"Stiefvater, Maggie",https://www.goodreads.com/book/show/30025336-all-the-crooked-saints,All the Crooked Saints
Young Adult Contemporary Romance,"Hunter, C.C.",https://www.goodreads.com/book/show/34964921-this-heart-of-mine,This Heart of Mine
Young Adult Contemporary Romance,"Garcia, Kami",https://www.goodreads.com/book/show/33158532-broken-beautiful-hearts,Broken Beautiful Hearts
Young Adult Contemporary Romance,"Kaleski, Katie",https://www.goodreads.com/book/show/37852497-the-now-or-never-moment,The Now or Never Moment: Omnibus
Young Adult Contemporary Romance,"Johnson, Abigail",https://www.goodreads.com/book/show/29074768-if-i-fix-you,If I Fix You
Young Adult Contemporary Romance,"Valentine, Allyson",https://www.goodreads.com/book/show/15927693-how-not-to-find-a-boyfriend,How (Not) to Find a Boyfriend
Young Adult Contemporary Romance,"Johnson, Joni",https://www.goodreads.com/book/show/34673053-stray,Stray
Young Adult Contemporary Romance,"McGarry, Katie",https://www.goodreads.com/book/show/35133826-say-you-ll-remember-me,Say You'll Remember Me
Young Adult Contemporary Romance,"Benway, Robin",https://www.goodreads.com/book/show/33830437-far-from-the-tree,Far from the Tree
Drop Everything And Read,"Morgenstern, Erin",https://www.goodreads.com/book/show/9361589-the-night-circus,The Night Circus
Drop Everything And Read,"Groff, Lauren",https://www.goodreads.com/book/show/24612118-fates-and-furies,Fates and Furies
Drop Everything And Read,"Ng, Celeste",https://www.goodreads.com/book/show/34273236-little-fires-everywhere,Little Fires Everywhere
Drop Everything And Read,"Honeyman, Gail",https://www.goodreads.com/book/show/31434883-eleanor-oliphant-is-completely-fine,Eleanor Oliphant Is Completely Fine
Drop Everything And Read,"Adeyemi, Tomi",https://www.goodreads.com/book/show/34728667-children-of-blood-and-bone,"Children of Blood and Bone (Legacy of Orïsha, #1)"
Drop Everything And Read,"Shaw, Ali",https://www.goodreads.com/book/show/27507117-the-trees,The Trees
Drop Everything And Read,"Bracken, Alexandra",https://www.goodreads.com/book/show/10576365-the-darkest-minds,"The Darkest Minds (The Darkest Minds, #1)"
Drop Everything And Read,"McKay, Kirsty",https://www.goodreads.com/book/show/27969100-the-assassin-game,The Assassin Game
Drop Everything And Read,"Kate, Lauren",https://www.goodreads.com/book/show/6487308-fallen,"Fallen (Fallen, #1)"
Drop Everything And Read,"Green, John",https://www.goodreads.com/book/show/35504431-turtles-all-the-way-down,Turtles All the Way Down
Drop Everything And Read,"Lu, Marie",https://www.goodreads.com/book/show/9275658-legend,"Legend (Legend, #1)"
Drop Everything And Read,"Wilde, Oscar",https://www.goodreads.com/book/show/5297.The_Picture_of_Dorian_Gray,The Picture of Dorian Gray
Drop Everything And Read,"Aveyard, Victoria",https://www.goodreads.com/book/show/30226723-king-s-cage,"King's Cage (Red Queen, #3)"
Drop Everything And Read,"Albertalli, Becky",https://www.goodreads.com/book/show/19547856-simon-vs-the-homo-sapiens-agenda,"Simon vs. the Homo Sapiens Agenda (Creekwood, #1)"
Drop Everything And Read,"Alexie, Sherman",https://www.goodreads.com/book/show/693208.The_Absolutely_True_Diary_of_a_Part_Time_Indian,The Absolutely True Diary of a Part-Time Indian
Drop Everything And Read,"Walls, Jeannette",https://www.goodreads.com/book/show/7445.The_Glass_Castle,The Glass Castle
Drop Everything And Read,"Bardugo, Leigh",https://www.goodreads.com/book/show/10194157-shadow-and-bone,"Shadow and Bone (Grisha Verse, #1)"
Drop Everything And Read,"Meyer, Marissa",https://www.goodreads.com/book/show/13206900-winter,"Winter (The Lunar Chronicles, #4)"
Drop Everything And Read,"Mass, Wendy",https://www.goodreads.com/book/show/4835838-11-birthdays,"11 Birthdays (Willow Falls, #1)"
Drop Everything And Read,"Smith, Jennifer E.",https://www.goodreads.com/book/show/32048554-windfall,Windfall
Drop Everything And Read,"Maas, Sarah J.",https://www.goodreads.com/book/show/17927395-a-court-of-mist-and-fury,"A Court of Mist and Fury (A Court of Thorns and Roses, #2)"
Drop Everything And Read,"White, Kiersten",https://www.goodreads.com/book/show/27190613-and-i-darken,And I Darken (The Conqueror's Saga #1)
Drop Everything And Read,"Carey, M.R.",https://www.goodreads.com/book/show/17235026-the-girl-with-all-the-gifts,The Girl With All the Gifts (The Girl With All the Gifts #1)
Drop Everything And Read,"Maas, Sarah J.",https://www.goodreads.com/book/show/16096824-a-court-of-thorns-and-roses,"A Court of Thorns and Roses (A Court of Thorns and Roses, #1)"
Drop Everything And Read,"Drake, Robert M.",https://www.goodreads.com/book/show/23434371-beautiful-chaos,Beautiful Chaos
Drop Everything And Read,"Christie, Agatha",https://www.goodreads.com/book/show/853510.Murder_on_the_Orient_Express,"Murder on the Orient Express (Hercule Poirot, #10)"
Drop Everything And Read,"Irving, Washington",https://www.goodreads.com/book/show/93261.The_Legend_of_Sleepy_Hollow,The Legend of Sleepy Hollow
Drop Everything And Read,"Nelson, Jandy",https://www.goodreads.com/book/show/20820994-i-ll-give-you-the-sun,I'll Give You the Sun
Drop Everything And Read,"Sepetys, Ruta",https://www.goodreads.com/book/show/25614492-salt-to-the-sea,Salt to the Sea
Drop Everything And Read,"Aveyard, Victoria",https://www.goodreads.com/book/show/23174274-glass-sword,"Glass Sword (Red Queen, #2)"
