author,num_pages,num_ratings,rating,title,url,year_published
Adam Silvera,320,18239,4.1,History Is All You Left Me,https://www.goodreads.com/book/show/25014114-history-is-all-you-left-me,2017
V.E. Schwab,400,111642,4.09,A Darker Shade of Magic,https://www.goodreads.com/book/show/22055262-a-darker-shade-of-magic,2015
Nnedi Okorafor,232,2567,3.9,The Book of Phoenix,https://www.goodreads.com/book/show/23281789-the-book-of-phoenix,2015
Paula Hawkins,386,146091,3.54,Into the Water,https://www.goodreads.com/book/show/33151805-into-the-water,2017
Mackenzi Lee,513,36332,4.16,The Gentleman's Guide to Vice and Virtue,https://www.goodreads.com/book/show/29283884-the-gentleman-s-guide-to-vice-and-virtue,2017
Marissa Meyer,390,535645,4.15,Cinder,https://www.goodreads.com/book/show/11235712-cinder,2012
Joby Warrick,368,8586,4.35,Black Flags: The Rise of ISIS,https://www.goodreads.com/book/show/25241317-black-flags,2015
Kamalakar Gune,164,0,0.0,Blue Sky Calling,https://www.goodreads.com/book/show/40832063-blue-sky-calling,2018
Stephanie Garber,407,72975,3.94,Caraval,https://www.goodreads.com/book/show/27883214-caraval,2017
Nicole  Williams,264,2432,3.73,Hate Story,https://www.goodreads.com/book/show/33002294-hate-story,2016
C.V. Dreesman,112,25,4.0,Cursefell,https://www.goodreads.com/book/show/24966824-cursefell,2015
R.J. Palacio,32,5240,4.28,We're All Wonders,https://www.goodreads.com/book/show/33120612-we-re-all-wonders,2017
Nicky P. Gardiner,332,11,4.73,The Showman And The Shade,https://www.goodreads.com/book/show/23511170-the-showman-and-the-shade,2014
Sue Grafton,496,19008,3.96,Y is for Yesterday,https://www.goodreads.com/book/show/31116293-y-is-for-yesterday,2017
Ernest Hemingway,189,323108,3.82,The Sun Also Rises,https://www.goodreads.com/book/show/3876.The_Sun_Also_Rises,1957
Franz Kafka,255,181637,3.99,The Trial,https://www.goodreads.com/book/show/17690.The_Trial,2001
Kevin Barry,192,1117,3.9,Dark Lies the Island,https://www.goodreads.com/book/show/16094938-dark-lies-the-island,2013
Jaci Wheeler,298,114,4.41,Silent Song,https://www.goodreads.com/book/show/36535545-silent-song,2018
Alison Weir,483,22491,3.97,The Lady Elizabeth,https://www.goodreads.com/book/show/1933181.The_Lady_Elizabeth,2008
Richard  Lawson,277,695,3.62,All We Can Do Is Wait,https://www.goodreads.com/book/show/35134091-all-we-can-do-is-wait,2018
M.C. Beaton,176,3809,3.78,Death of a Glutton,https://www.goodreads.com/book/show/724715.Death_of_a_Glutton,1995
Sarah Dunant,427,85832,3.8,The Birth of Venus,https://www.goodreads.com/book/show/28078.The_Birth_of_Venus,2004
P.G. Wodehouse,358,1429,4.08,The Luck of the Bodkins,https://www.goodreads.com/book/show/16401.The_Luck_of_the_Bodkins,2002
Gaute Heivoll,307,1109,3.51,Before I Burn,https://www.goodreads.com/book/show/17934650-before-i-burn,2014
Brent Weeks,671,54580,4.45,The Blinding Knife,https://www.goodreads.com/book/show/12499290-the-blinding-knife,2012
Jim Lynch,304,2163,3.63,Border Songs,https://www.goodreads.com/book/show/6098855-border-songs,2009
Josiah Bancroft,448,4866,4.28,Senlin Ascends,https://www.goodreads.com/book/show/35271523-senlin-ascends,2018
Jennifer Worth,340,44387,4.18,Call the Midwife,https://www.goodreads.com/book/show/21288872-call-the-midwife,2015
Lauren Layne,266,2569,3.95,Hot Asset,https://www.goodreads.com/book/show/36307262-hot-asset,2018
Seanan McGuire,325,2338,4.18,Reflections,https://www.goodreads.com/book/show/25547096-reflections,2016
Marie Kondō,291,17102,3.83,Spark Joy: An Illustrated Master Class on the Art of Organizing and Tidying Up,https://www.goodreads.com/book/show/25614984-spark-joy,2016
Adam Roberts,336,1430,3.64,Yellow Blue Tibia,https://www.goodreads.com/book/show/6056346-yellow-blue-tibia,2009
Neal Stephenson,752,14045,3.89,The Rise and Fall of D.O.D.O.,https://www.goodreads.com/book/show/32075825-the-rise-and-fall-of-d-o-d-o,2017
Andrzej Sapkowski,393,35179,4.39,Sword of Destiny,https://www.goodreads.com/book/show/25318857-sword-of-destiny,2015
Oliver Pötzsch,448,60831,3.72,The Hangman's Daughter,https://www.goodreads.com/book/show/9496240-the-hangman-s-daughter,2010
Edgar Rice Burroughs,248,7462,3.81,The Return of Tarzan,https://www.goodreads.com/book/show/589897.The_Return_of_Tarzan,2007
Masha Hamilton,320,2045,3.35,The Camel Bookmobile,https://www.goodreads.com/book/show/78425.The_Camel_Bookmobile,2007
Tatiana de Rosnay,240,213,3.5,The Rain Watcher,https://www.goodreads.com/book/show/37638024-the-rain-watcher,2018
Martha Soukup,0,4,3.25,A Defense of the Social Contracts,https://www.goodreads.com/book/show/23693223-a-defense-of-the-social-contracts,-3
Seanan McGuire,404,5347,3.88,Indexing,https://www.goodreads.com/book/show/17907054-indexing,2014
David Gemmell,345,22957,4.25,Legend,https://www.goodreads.com/book/show/618177.Legend,1994
Edgar Allan Poe,236,6072,4.53,The Complete Works of Edgar Allan Poe,https://www.goodreads.com/book/show/9507278-the-complete-works-of-edgar-allan-poe,2010
Robyn Harding,352,912,3.88,Her Pretty Face,https://www.goodreads.com/book/show/36373379-her-pretty-face,2018
Zara Stoneley,401,1202,3.92,The Wedding Date,https://www.goodreads.com/book/show/38576218-the-wedding-date,2018
Rosecrans Baldwin,286,2406,3.43,"Paris, I Love You but You're Bringing Me Down",https://www.goodreads.com/book/show/13159149-paris-i-love-you-but-you-re-bringing-me-down,2012
Margaret Atwood,468,80801,4.01,Alias Grace,https://www.goodreads.com/book/show/72579.Alias_Grace,1996
Virginia Woolf,89,83791,4.12,A Room of One's Own,https://www.goodreads.com/book/show/33861670-a-room-of-one-s-own,2017
William Shakespeare,283,1798681,3.74,Romeo and Juliet,https://www.goodreads.com/book/show/18135.Romeo_and_Juliet,2004
William Shakespeare,349,571278,3.89,Macbeth,https://www.goodreads.com/book/show/8852.Macbeth,2003
Italo Calvino,260,60130,4.07,If on a Winter's Night a Traveler,https://www.goodreads.com/book/show/374233.If_on_a_Winter_s_Night_a_Traveler,1982
Ernest Hemingway,25,673,3.54,The Snows of Kilimanjaro,https://www.goodreads.com/book/show/30317485-the-snows-of-kilimanjaro,1936
F. Scott Fitzgerald,387,95629,3.83,Tender Is the Night,https://www.goodreads.com/book/show/46164.Tender_Is_the_Night,1995
Johann Wolfgang von Goethe,503,24392,3.97,Faust,https://www.goodreads.com/book/show/406373.Faust,1998
Oscar Wilde,76,260208,4.17,The Importance of Being Earnest,https://www.goodreads.com/book/show/92303.The_Importance_of_Being_Earnest,2005
Fyodor Dostoyevsky,82,29698,4.04,White Nights,https://www.goodreads.com/book/show/1772910.White_Nights,-3
Sun Tzu,273,240695,3.96,The Art of War,https://www.goodreads.com/book/show/10534.The_Art_of_War,2005
Ursula K. Le Guin,183,184407,4.0,A Wizard of Earthsea,https://www.goodreads.com/book/show/13642.A_Wizard_of_Earthsea,2004
George Eliot,262,60880,3.61,Silas Marner,https://www.goodreads.com/book/show/54539.Silas_Marner,2005
Sandra Cisneros,110,97652,3.6,The House on Mango Street,https://www.goodreads.com/book/show/139253.The_House_on_Mango_Street,2009
Aleksandr Solzhenitsyn,182,78145,3.95,One Day in the Life of Ivan Denisovich,https://www.goodreads.com/book/show/17125.One_Day_in_the_Life_of_Ivan_Denisovich,2005
George Eliot,579,42675,3.78,The Mill on the Floss,https://www.goodreads.com/book/show/20564.The_Mill_on_the_Floss,2003
Samuel Beckett,109,130103,3.82,Waiting for Godot,https://www.goodreads.com/book/show/17716.Waiting_for_Godot,2011
E.M. Forster,119,128714,3.9,A Room with a View,https://www.goodreads.com/book/show/3087.A_Room_with_a_View,2005
Nellie Bly,92,6825,3.83,Ten Days in a Mad-House,https://www.goodreads.com/book/show/1642216.Ten_Days_in_a_Mad_House,1887
Fyodor Dostoyevsky,768,29727,4.26,Demons,https://www.goodreads.com/book/show/5695.Demons,1995
James Baldwin,159,36626,4.22,Giovanni's Room,https://www.goodreads.com/book/show/38462.Giovanni_s_Room,2000
T.H. White,639,86580,4.08,The Once and Future King,https://www.goodreads.com/book/show/43545.The_Once_and_Future_King,1987
Johann Wolfgang von Goethe,149,61434,3.64,The Sorrows of Young Werther,https://www.goodreads.com/book/show/16640.The_Sorrows_of_Young_Werther,2005
Stella Gibbons,233,35920,3.91,Cold Comfort Farm,https://www.goodreads.com/book/show/92780.Cold_Comfort_Farm,2006
Edith Wharton,127,9031,3.66,Summer,https://www.goodreads.com/book/show/269528.Summer,2006
William Faulkner,507,47198,3.94,Light in August,https://www.goodreads.com/book/show/10979.Light_in_August,1991
Rebecca West,112,4114,3.71,The Return of the Soldier,https://www.goodreads.com/book/show/160010.The_Return_of_the_Soldier,2004
Emily Brontë,464,1102928,3.83,Wuthering Heights,https://www.goodreads.com/book/show/6185.Wuthering_Heights,2002
William Shakespeare,289,621207,4.01,Hamlet,https://www.goodreads.com/book/show/1420.Hamlet,2005
Anthony Doerr,531,691254,4.32,All the Light We Cannot See,https://www.goodreads.com/book/show/18143977-all-the-light-we-cannot-see,2014
Anthony Burgess,212,500408,3.99,A Clockwork Orange,https://www.goodreads.com/book/show/227463.A_Clockwork_Orange,1995
Charles Dickens,489,717887,3.82,A Tale of Two Cities,https://www.goodreads.com/book/show/1953.A_Tale_of_Two_Cities,2003
Truman Capote,192,180312,3.9,Breakfast at Tiffany's,https://www.goodreads.com/book/show/15785457-breakfast-at-tiffany-s,2012
Agatha Christie,264,559170,4.25,And Then There Were None,https://www.goodreads.com/book/show/16299.And_Then_There_Were_None,2004
Stephen King,1116,594222,4.21,It,https://www.goodreads.com/book/show/830502.It,1987
Edgar Allan Poe,64,77893,4.28,The Raven,https://www.goodreads.com/book/show/264158.The_Raven,1996
Gabriel García Márquez,417,621690,4.05,One Hundred Years of Solitude,https://www.goodreads.com/book/show/320.One_Hundred_Years_of_Solitude,2003
Harper Lee,324,3671290,4.26,To Kill a Mockingbird,https://www.goodreads.com/book/show/2657.To_Kill_a_Mockingbird,2006
Kazuo Ishiguro,288,369737,3.81,Never Let Me Go,https://www.goodreads.com/book/show/6334.Never_Let_Me_Go,2010
Agatha Christie,272,256088,4.16,Murder on the Orient Express,https://www.goodreads.com/book/show/35738444-murder-on-the-orient-express,2017
Angie Thomas,450,165908,4.56,The Hate U Give,https://www.goodreads.com/book/show/36370603-the-hate-u-give,2017
Neil deGrasse Tyson,365,48941,4.12,Astrophysics for People in a Hurry,https://www.goodreads.com/book/show/35416279-astrophysics-for-people-in-a-hurry,2017
Anne Frank,-4,2246870,4.12,The Diary of a Young Girl,https://www.goodreads.com/book/show/1573309.The_Diary_of_a_Young_Girl,2001
Celeste Ng,336,208774,4.15,Little Fires Everywhere,https://www.goodreads.com/book/show/36232831-little-fires-everywhere,2017
Haruki Murakami,925,157105,3.9,1Q84,https://www.goodreads.com/book/show/10357575-1q84,2011
Sōseki Natsume,218,404,3.5,I Am a Cat: I,https://www.goodreads.com/book/show/169432.I_Am_a_Cat,1989
Gail Honeyman,336,178364,4.34,Eleanor Oliphant Is Completely Fine,https://www.goodreads.com/book/show/32503381-eleanor-oliphant-is-completely-fine,2017
Sylvia Plath,244,484073,3.99,The Bell Jar,https://www.goodreads.com/book/show/6514.The_Bell_Jar,2006
Paulo Coelho,197,1606866,3.84,The Alchemist,https://www.goodreads.com/book/show/865.The_Alchemist,1993
Truman Capote,343,438414,4.06,In Cold Blood,https://www.goodreads.com/book/show/168642.In_Cold_Blood,1994
Ellis Peters,197,27263,3.99,A Morbid Taste for Bones,https://www.goodreads.com/book/show/321545.A_Morbid_Taste_for_Bones,1994
J.D. Barker,404,4959,4.15,The Fourth Monkey,https://www.goodreads.com/book/show/31125554-the-fourth-monkey,2017
Julia Heaberlin,354,22277,3.77,Black-Eyed Susans,https://www.goodreads.com/book/show/23746004-black-eyed-susans,2015
Rachel Caine,348,16979,4.29,Killman Creek,https://www.goodreads.com/book/show/35329101-killman-creek,2017
Robert Crais,320,6553,4.2,The Wanted,https://www.goodreads.com/book/show/32336273-the-wanted,2017
Chloe Kendrick,215,2041,3.55,Murder to Go,https://www.goodreads.com/book/show/25348433-murder-to-go,2015
Clare Mackintosh,400,9443,3.82,Let Me Lie,https://www.goodreads.com/book/show/35376281-let-me-lie,2018
Brad Meltzer,416,7404,3.81,The Escape Artist,https://www.goodreads.com/book/show/31933276-the-escape-artist,2018
Philip Kerr,245,7661,3.83,March Violets,https://www.goodreads.com/book/show/236819.March_Violets,2004
G.K. Chesterton,232,11070,3.86,The Innocence of Father Brown,https://www.goodreads.com/book/show/184591.The_Innocence_of_Father_Brown,2004
Joe Ide,325,8395,3.79,IQ,https://www.goodreads.com/book/show/28962895-iq,2016
C.J. Tudor,280,20593,3.75,The Chalk Man,https://www.goodreads.com/book/show/35356382-the-chalk-man,2018
B.A. Paris,293,173930,3.94,Behind Closed Doors,https://www.goodreads.com/book/show/29437949-behind-closed-doors,2016
Rachel Abbott,459,15984,4.05,Only the Innocent,https://www.goodreads.com/book/show/16244754-only-the-innocent,2013
Agatha Christie,294,182248,3.98,The Mysterious Affair at Styles,https://www.goodreads.com/book/show/16343.The_Mysterious_Affair_at_Styles,2002
J.P. Delaney,341,70264,3.69,The Girl Before,https://www.goodreads.com/book/show/28016509-the-girl-before,2017
Agatha Christie,288,101512,4.22,The Murder of Roger Ackroyd,https://www.goodreads.com/book/show/16328.The_Murder_of_Roger_Ackroyd,2006
Agatha Christie,214,85450,4.08,Death on the Nile,https://www.goodreads.com/book/show/131359.Death_on_the_Nile,1978
Christopher Moore,339,4141,3.84,Noir,https://www.goodreads.com/book/show/35301333-noir,2018
Agatha Christie,219,24442,4.07,Curtain: Poirot's Last Case,https://www.goodreads.com/book/show/651162.Curtain,1996
Agatha Christie,288,113306,4.04,Murder at the Vicarage,https://www.goodreads.com/book/show/16331.Murder_at_the_Vicarage,2006
Bill Clinton,513,19840,3.99,The President Is Missing,https://www.goodreads.com/book/show/35097255-the-president-is-missing,2018
Stacey Alabaster,161,621,3.67,A Pie to Die for,https://www.goodreads.com/book/show/29560101-a-pie-to-die-for,2016
Isabel Jordan,269,1803,3.87,Semi-Charmed,https://www.goodreads.com/book/show/23154817-semi-charmed,2014
Jennifer Estep,417,4992,4.17,Poison Promise,https://www.goodreads.com/book/show/18745159-poison-promise,2014
Randall  Morris,222,76,3.76,Minor Demons,https://www.goodreads.com/book/show/21915345-minor-demons,2013
Briana Michaels,345,64,3.95,Shatter,https://www.goodreads.com/book/show/24993346-shatter,2015
Jaye Wells,381,4714,3.72,Dirty Magic,https://www.goodreads.com/book/show/15831653-dirty-magic,2014
Rick Yancey,457,327804,4.08,The 5th Wave,https://www.goodreads.com/book/show/16101128-the-5th-wave,2013
Tom Shutt,236,61,3.56,Brooding City,https://www.goodreads.com/book/show/26059986-brooding-city,2015
Richard Matheson,160,70424,4.06,I Am Legend,https://www.goodreads.com/book/show/14064.I_Am_Legend,1999
Charlene Moncrief,349,51,3.84,Flight,https://www.goodreads.com/book/show/24920269-flight,2015
Frances Hardinge,410,14395,3.86,The Lie Tree,https://www.goodreads.com/book/show/23592175-the-lie-tree,2015
K.D. McQuain,-6,33,3.94,NYV: PUNK,https://www.goodreads.com/book/show/25884402-nyv,2015
C.C. Hunter,398,74480,4.13,Born at Midnight,https://www.goodreads.com/book/show/8705784-born-at-midnight,2011
Kimberly   Lewis,-6,12,4.33,The Messenger,https://www.goodreads.com/book/show/23109694-the-messenger,2014
Peter Clines,372,24573,3.93,14,https://www.goodreads.com/book/show/15062217-14,2012
Veronica Del Rosa,260,60,3.8,Magic Resistant,https://www.goodreads.com/book/show/25719440-magic-resistant,2015
Cate Dean,279,469,3.9,Alex Finch: Monster Hunter,https://www.goodreads.com/book/show/18806514-alex-finch,-3
Robyn Peterman,323,9047,3.99,Fashionably Dead,https://www.goodreads.com/book/show/18455548-fashionably-dead,2013
Pippa DaCosta,244,3765,3.65,Beyond the Veil,https://www.goodreads.com/book/show/26130854-beyond-the-veil,2015
Ednah Walters,245,8697,4.01,Runes,https://www.goodreads.com/book/show/18046743-runes,2013
K.S. Marsden,249,155,3.81,The Shadow Rises,https://www.goodreads.com/book/show/17972985-the-shadow-rises,2013
William Goldman,398,676034,4.25,The Princess Bride,https://www.goodreads.com/book/show/21787.The_Princess_Bride,2003
Debra Dunbar,291,5637,3.94,A Demon Bound,https://www.goodreads.com/book/show/17979809-a-demon-bound,2013
Stephenie Meyer,498,4224620,3.58,Twilight,https://www.goodreads.com/book/show/41865.Twilight,2006
Dale Mayer,326,5077,3.86,Tuesday's Child,https://www.goodreads.com/book/show/11780557-tuesday-s-child,2011
J.K. Rowling,320,5466679,4.46,Harry Potter and the Sorcerer's Stone,https://www.goodreads.com/book/show/3.Harry_Potter_and_the_Sorcerer_s_Stone,1997
C. Gockel,254,3299,3.75,Wolves,https://www.goodreads.com/book/show/18140254-wolves,2014
Charlaine Harris,260,463155,3.96,Dead Until Dark,https://www.goodreads.com/book/show/301082.Dead_Until_Dark,2001
Karen  Lynch,288,16762,4.29,Relentless,https://www.goodreads.com/book/show/20427449-relentless,2013
Rupi Kaur,256,48602,4.17,The Sun and Her Flowers,https://www.goodreads.com/book/show/35606560-the-sun-and-her-flowers,2017
Kate  Moore,496,26040,4.22,The Radium Girls: The Dark Story of America's Shining Women,https://www.goodreads.com/book/show/31409135-the-radium-girls,2017
Hillary Rodham Clinton,512,31997,4.0,What Happened,https://www.goodreads.com/book/show/34114362-what-happened,2017
Sarah Andersen,125,12042,4.31,Big Mushy Happy Lump,https://www.goodreads.com/book/show/30754980-big-mushy-happy-lump,2017
Lilly Singh,315,9312,4.11,How to Be a Bawse: A Guide to Conquering Life,https://www.goodreads.com/book/show/31202835-how-to-be-a-bawse,2017
Lisa Wingate,342,132829,4.37,Before We Were Yours,https://www.goodreads.com/book/show/32148570-before-we-were-yours,2017
Neil deGrasse Tyson,222,48952,4.12,Astrophysics for People in a Hurry,https://www.goodreads.com/book/show/32191710-astrophysics-for-people-in-a-hurry,2017
Stephen King,702,33446,3.76,Sleeping Beauties,https://www.goodreads.com/book/show/34466922-sleeping-beauties,2017
Ree Drummond,400,2330,4.0,"The Pioneer Woman Cooks: Come and Get It! Simple, Scrumptious Recipes for Crazy Busy Lives",https://www.goodreads.com/book/show/34016989-the-pioneer-woman-cooks,2017
Lauren Graham,209,60790,3.99,"Talking as Fast as I Can: From Gilmore Girls to Gilmore Girls, and Everything in Between",https://www.goodreads.com/book/show/30253864-talking-as-fast-as-i-can,2016
J.K. Rowling,293,69510,4.34,Fantastic Beasts and Where to Find Them: The Original Screenplay,https://www.goodreads.com/book/show/29363501-fantastic-beasts-and-where-to-find-them,2016
Elan Mastai,384,14407,3.78,All Our Wrong Todays,https://www.goodreads.com/book/show/27405006-all-our-wrong-todays,2017
Riley Sager,342,29587,3.79,Final Girls,https://www.goodreads.com/book/show/32796253-final-girls,2017
Georgia Hunter,416,28714,4.4,We Were the Lucky Ones,https://www.goodreads.com/book/show/30267929-we-were-the-lucky-ones,2017
Bill Schutt,332,2467,3.88,Cannibalism: A Perfectly Natural History,https://www.goodreads.com/book/show/28110850-cannibalism,2017
Jamie Oliver,320,1434,4.14,5 Ingredients – Quick  Easy Food,https://www.goodreads.com/book/show/35069206-5-ingredients-quick-easy-food,2017
Chelsea Clinton,32,3768,4.42,She Persisted: 13 American Women Who Changed the World,https://www.goodreads.com/book/show/34504361-she-persisted,2017
Jennifer Donnelly,352,8244,3.92,Beauty and the Beast: Lost in a Book,https://www.goodreads.com/book/show/33412061-beauty-and-the-beast,2017
Scaachi Koul,241,6967,3.78,One Day We'll All Be Dead and None of This Will Matter,https://www.goodreads.com/book/show/30658435-one-day-we-ll-all-be-dead-and-none-of-this-will-matter,2017
Jason Reynolds,320,15698,4.39,Long Way Down,https://www.goodreads.com/book/show/22552026-long-way-down,2017
David Grann,359,51052,4.12,Killers of the Flower Moon: The Osage Murders and the Birth of the FBI,https://www.goodreads.com/book/show/29496076-killers-of-the-flower-moon,2017
Jonathan J. West,176,2,5.0,Girl Force,https://www.goodreads.com/book/show/37813649-girl-force,2017
Sam Edens,-6,2,5.0,"Ash, Blood and Bone",https://www.goodreads.com/book/show/34274529-ash-blood-and-bone,2017
P.L. Hogan,368,10,3.8,Katie O'Malley and the Obelisk: Atlantis Bound!,https://www.goodreads.com/book/show/38738365-katie-o-malley-and-the-obelisk,2018
Sophie McAloon,330,24,4.21,Top Choice,https://www.goodreads.com/book/show/39309949-top-choice,2018
Cookie O'Gorman,283,6725,3.97,Adorkable,https://www.goodreads.com/book/show/28791088-adorkable,2016
Melissa Wright,243,4838,3.59,Frey,https://www.goodreads.com/book/show/12996931-frey,2011
Jonathan Friesen,303,445,3.14,Aquifer,https://www.goodreads.com/book/show/17070772-aquifer,2013
Santosh Deshpande,264,3,3.33,In This World...: The Saga of an Eternal Journey,https://www.goodreads.com/book/show/39732983-in-this-world,2018
Sophia Alessandrini,754,9,4.67,Legends of Astræa: Cupid's Arrow Book 1 (Legends of Astræa Series),https://www.goodreads.com/book/show/38739732-legends-of-astr-a,2018
John Green,365,86695,3.81,Let it Snow,https://www.goodreads.com/book/show/33290383-let-it-snow,2016
A.S. Minor,84,6,5.0,The Borderline Between Life and Poetry,https://www.goodreads.com/book/show/28285132-the-borderline-between-life-and-poetry,2015
Amanda Hocking,216,84017,3.89,Switched,https://www.goodreads.com/book/show/12180581-switched,2012
Norma Hinkens,260,238,3.64,Immurement,https://www.goodreads.com/book/show/32318250-immurement,2016
Brian Michaud,260,39,4.26,The Road to Nyn,https://www.goodreads.com/book/show/19323273-the-road-to-nyn,2013
Robin Benway,352,17307,3.91,Emmy & Oliver,https://www.goodreads.com/book/show/13132816-emmy-oliver,2015
Kelli Warner,362,632,3.92,Not with the Band,https://www.goodreads.com/book/show/35082051-not-with-the-band,2017
Melanie Nilles,190,3762,3.74,Starfire Angels,https://www.goodreads.com/book/show/6687158-starfire-angels,2009
C.J. Redwine,387,11896,3.75,The Shadow Queen,https://www.goodreads.com/book/show/23299513-the-shadow-queen,2016
Jessica Sorensen,313,67363,4.01,The Secret of Ella and Micha,https://www.goodreads.com/book/show/15717876-the-secret-of-ella-and-micha,2012
Jenny Han,276,121163,3.95,The Summer I Turned Pretty,https://www.goodreads.com/book/show/5821978-the-summer-i-turned-pretty,2009
Jenny Han,291,77077,4.16,We'll Always Have Summer,https://www.goodreads.com/book/show/8680278-we-ll-always-have-summer,2011
Rachel Vincent,618,31808,3.79,Stray,https://www.goodreads.com/book/show/793399.Stray,2007
Colleen Hoover,320,100678,4.24,Confess,https://www.goodreads.com/book/show/34324605-confess,2017
Rachel Vincent,425,17173,4.16,Pride,https://www.goodreads.com/book/show/4583888-pride,2009
Rachel Vincent,394,17194,4.09,Rogue,https://www.goodreads.com/book/show/2314315.Rogue,2008
Rachel Vincent,386,16524,4.2,Prey,https://www.goodreads.com/book/show/6134783-prey,2009
Rachel Vincent,441,15495,4.22,Shift,https://www.goodreads.com/book/show/6938348-shift,2010
Rachel Vincent,472,13811,4.31,Alpha,https://www.goodreads.com/book/show/6449378-alpha,2010
Ravikiran Rangaswamy,65,5,3.8,"46+14=06, A Story of a Genius",https://www.goodreads.com/book/show/22371598-46-14-06-a-story-of-a-genius,2012
Stacey Marie Brown,458,4965,4.13,City in Embers,https://www.goodreads.com/book/show/23531413-city-in-embers,2015
Wendy Higgins,-6,828,4.35,Unrest,https://www.goodreads.com/book/show/34299752-unrest,2017
Penelope Douglas,200,4589,4.23,Next to Never,https://www.goodreads.com/book/show/30327715-next-to-never,2017
Vic James,368,5571,3.67,Gilded Cage,https://www.goodreads.com/book/show/30258320-gilded-cage,2017
Ilsa Madden-Mills,248,10924,3.98,Fake Fiancée,https://www.goodreads.com/book/show/33095590-fake-fianc-e,2017
Sarah J. Maas,699,126988,4.51,A Court of Wings and Ruin,https://www.goodreads.com/book/show/23766634-a-court-of-wings-and-ruin,2017
Kylie Scott,288,9248,3.93,Twist,https://www.goodreads.com/book/show/28220678-twist,2017
Emma Chase,276,14636,4.16,Royally Matched,https://www.goodreads.com/book/show/29991718-royally-matched,2017
Stacey Marie Brown,326,670,4.28,West,https://www.goodreads.com/book/show/32251115-west,2016
Nicole  Williams,388,3724,3.78,Roommates with Benefits,https://www.goodreads.com/book/show/34840481-roommates-with-benefits,2017
Amy Harmon,352,20156,4.25,The Bird and the Sword,https://www.goodreads.com/book/show/29008738-the-bird-and-the-sword,2016
Alexa Riley,-6,2191,3.84,Stay Close,https://www.goodreads.com/book/show/35218118-stay-close,2017
Amy A. Bartol,321,14161,3.93,Secondborn,https://www.goodreads.com/book/show/32972153-secondborn,2017
Erin Watt,300,9595,3.91,Fallen Heir,https://www.goodreads.com/book/show/33807229-fallen-heir,2017
Juliette Cross,300,560,3.75,The Black Lily,https://www.goodreads.com/book/show/32172479-the-black-lily,2017
Colleen Hoover,385,35187,3.92,Without Merit,https://www.goodreads.com/book/show/33280872-without-merit,2017
Tijan,-6,10933,3.92,Hate to Love You,https://www.goodreads.com/book/show/34853951-hate-to-love-you,2017
Laura Thalassa,326,8853,4.02,The Queen of All that Dies,https://www.goodreads.com/book/show/21422225-the-queen-of-all-that-dies,2015
Jennifer L. Armentrout,362,3334,4.06,Brave,https://www.goodreads.com/book/show/23149316-brave,2017
Brittainy C. Cherry,373,3440,4.35,Behind the Bars,https://www.goodreads.com/book/show/35379639-behind-the-bars,2017
Erin Watt,305,5003,3.93,Cracked Kingdom,https://www.goodreads.com/book/show/34705684-cracked-kingdom,2018
Laura Thalassa,0,592,4.02,Blood and Sin,https://www.goodreads.com/book/show/29873919-blood-and-sin,-3
Jenna Wolfhart,328,1352,4.08,A Dance With Darkness,https://www.goodreads.com/book/show/38769071-a-dance-with-darkness,2018
Kennedy Ryan,460,4559,4.34,LONG SHOT (A Hoops Story),https://www.goodreads.com/book/show/30555412-long-shot,2018
Erin Watt,299,1663,3.76,One Small Thing,https://www.goodreads.com/book/show/35750273-one-small-thing,2018
Melissa Albert,368,19218,3.64,The Hazel Wood,https://www.goodreads.com/book/show/34275232-the-hazel-wood,2018
Kellie McAllen,241,195,3.96,The Mermaid's Escape,https://www.goodreads.com/book/show/39094653-the-mermaid-s-escape,2018
Colleen Hoover,306,10295,4.44,All Your Perfects,https://www.goodreads.com/book/show/38926487-all-your-perfects,2018
Veronica Roth,468,38562,3.75,Carve the Mark,https://www.goodreads.com/book/show/30117284-carve-the-mark,2017
Jennifer Donnelly,340,12232,3.82,Deep Blue,https://www.goodreads.com/book/show/18601430-deep-blue,2014
Renee Ahdieh,392,20893,3.94,Flame in the Mist,https://www.goodreads.com/book/show/23308087-flame-in-the-mist,2017
Karen M. McManus,361,65007,4.07,One of Us Is Lying,https://www.goodreads.com/book/show/32571395-one-of-us-is-lying,2017
Lauren Oliver,357,23997,3.6,Vanishing Girls,https://www.goodreads.com/book/show/22465597-vanishing-girls,2015
Victoria Schwab,510,17110,4.25,Our Dark Duet,https://www.goodreads.com/book/show/32075662-our-dark-duet,2017
Jodi Meadows,400,3418,3.67,Before She Ignites,https://www.goodreads.com/book/show/28524058-before-she-ignites,2017
Amanda Foody,384,3432,3.77,Daughter of the Burning City,https://www.goodreads.com/book/show/30237061-daughter-of-the-burning-city,2017
Rin Chupeco,432,7629,3.65,The Bone Witch,https://www.goodreads.com/book/show/30095464-the-bone-witch,2017
Kiersten White,475,25822,3.9,And I Darken,https://www.goodreads.com/book/show/27190613-and-i-darken,2016
Kerri Maniscalco,326,22190,4.02,Stalking Jack the Ripper,https://www.goodreads.com/book/show/28962906-stalking-jack-the-ripper,2016
Elizabeth Kirke,379,516,4.05,Semester Aboard,https://www.goodreads.com/book/show/12322282-semester-aboard,2012
D.C. Akers,172,696,3.57,A Stranger Magic,https://www.goodreads.com/book/show/17929038-a-stranger-magic,2013
Kiera Cass,300,41320,3.77,The Siren,https://www.goodreads.com/book/show/32826943-the-siren,2016
Anna Banks,324,42642,4.03,Of Poseidon,https://www.goodreads.com/book/show/12425532-of-poseidon,2012
Sandhya Menon,380,26123,3.76,When Dimple Met Rishi,https://www.goodreads.com/book/show/28458598-when-dimple-met-rishi,2017
Anna-Marie McLemore,340,3460,3.64,Wild Beauty,https://www.goodreads.com/book/show/33158561-wild-beauty,2017
Lana Popović,405,2196,3.62,Wicked Like a Wildfire,https://www.goodreads.com/book/show/32051720-wicked-like-a-wildfire,2017
Becky Albertalli,303,155074,4.34,Simon vs. the Homo Sapiens Agenda,https://www.goodreads.com/book/show/19547856-simon-vs-the-homo-sapiens-agenda,2015
Becky Albertalli,336,34088,4.03,The Upside of Unrequited,https://www.goodreads.com/book/show/30653853-the-upside-of-unrequited,2017
Laini Taylor,544,34544,4.37,Strange the Dreamer,https://www.goodreads.com/book/show/28449207-strange-the-dreamer,2017
Misa Sugiura,400,2254,3.73,It's Not Like It's a Secret,https://www.goodreads.com/book/show/29073707-it-s-not-like-it-s-a-secret,2017
Cale Dietrich,377,5915,3.18,The Love Interest,https://www.goodreads.com/book/show/31145148-the-love-interest,2017
Edwidge Danticat,320,1799,3.68,Untwine,https://www.goodreads.com/book/show/22616123-untwine,2015
Sarah Crossan,400,11105,4.16,One,https://www.goodreads.com/book/show/23524610-one,2015
Maurene Goo,336,1681,3.93,The Way You Make Me Feel,https://www.goodreads.com/book/show/35704397-the-way-you-make-me-feel,2018
Emmanuelle Walter,256,224,4.13,Stolen Sisters: An Inquiry into Feminicide in Canada,https://www.goodreads.com/book/show/25362335-stolen-sisters,2015
Natasha Kanapé Fontaine,127,14,4.14,Nanimissuat Île tonnerre,https://www.goodreads.com/book/show/39723821-nanimissuat-le-tonnerre,2018
Kerry Lonsdale,348,10577,4.03,Everything We Left Behind,https://www.goodreads.com/book/show/31277190-everything-we-left-behind,2017
Nina Polak,240,118,3.74,Gebrek is een groot woord,https://www.goodreads.com/book/show/38224976-gebrek-is-een-groot-woord,2018
Toon Tellegen,61,3,4.67,Maar kom wel terug!,https://www.goodreads.com/book/show/34640689-maar-kom-wel-terug,2016
Frédéric Beigbeder,101,2091,3.33,Nouvelles sous ecstasy,https://www.goodreads.com/book/show/1062374.Nouvelles_sous_ecstasy,2000
Pat Frank,160,37,3.73,Hold Back The Night,https://www.goodreads.com/book/show/5173361-hold-back-the-night,1969
R.B. Parkinson,41,5,4.4,Hunefer and His Book of the Dead,https://www.goodreads.com/book/show/9236546-hunefer-and-his-book-of-the-dead,2010
David Arthur Thomas,224,11,3.45,Crete 1941: The Battle at Sea,https://www.goodreads.com/book/show/3784790-crete-1941,2004
Kōstas N. Chatzēpateras,328,5,3.4,Crete 1941,https://www.goodreads.com/book/show/10802941-crete-1941,1989
Alan Gratz,352,9442,4.56,Refugee,https://www.goodreads.com/book/show/33118312-refugee,2017
Venedikt Erofeev,128,7149,4.06,Moscow Stations,https://www.goodreads.com/book/show/21950875-moscow-stations,2014
Venedikt Erofeev,188,7149,4.06,Moscow Circles,https://www.goodreads.com/book/show/1603040.Moscow_Circles,1987
Jean Giono,235,21,3.19,Naissance de l'Odyssée,https://www.goodreads.com/book/show/4001710-naissance-de-l-odyss-e,1987
Steve Schafer,364,350,4.11,The Border,https://www.goodreads.com/book/show/29542264-the-border,2017
Z.A. Maxfield,308,4400,3.91,Crossing Borders,https://www.goodreads.com/book/show/5045589-crossing-borders,2008
Sarah Hall,432,2353,3.8,The Wolf Border,https://www.goodreads.com/book/show/23315782-the-wolf-border,2015
Michel Stone,272,277,3.85,Border Child,https://www.goodreads.com/book/show/31159198-border-child,2017
Kenzo Kitakata,219,159,3.37,Ashes,https://www.goodreads.com/book/show/179814.Ashes,2003
Sergios Gakas,309,40,3.5,Ashes,https://www.goodreads.com/book/show/11817673-ashes,2011
Yasmina Khadra,137,178,3.34,Morituri,https://www.goodreads.com/book/show/213199.Morituri,2003
Rodica Doehnert,304,116,3.29,Hotel Sacher,https://www.goodreads.com/book/show/39295198-hotel-sacher,2018
Tanya Marquardt,-6,40,3.83,Stray: Memoir of a Runaway,https://www.goodreads.com/book/show/36520889-stray,2018
Sejal Badani,412,108,4.52,The Storyteller's Secret,https://www.goodreads.com/book/show/35889205-the-storyteller-s-secret,2018
Beatriz Williams,384,3443,3.91,The Summer Wives,https://www.goodreads.com/book/show/36381085-the-summer-wives,2018
Ibtisam Barakat,192,104,4.11,Balcony on the Moon: Coming of Age in Palestine,https://www.goodreads.com/book/show/29772839-balcony-on-the-moon,2016
Снежанка Генчева,816,2,4.5,Цар Шишман и Дан Войвода  (#1),https://www.goodreads.com/book/show/20348544,2013
Снежанка Генчева,236,1,5.0,За слънцето и хората. Песни и обичаи от община Ситово,https://www.goodreads.com/book/show/28239301,2014
Снежанка Генчева,368,1,5.0,Рицари и юнаци. Йоанитите  (#2),https://www.goodreads.com/book/show/41052984,2018
T.J. Stiles,608,1019,4.15,Custer's Trials: A Life on the Frontier of a New America,https://www.goodreads.com/book/show/24738291-custer-s-trials,2015
James Joyce,207,100516,3.86,Dubliners,https://www.goodreads.com/book/show/11012.Dubliners,2001
Viet Thanh Nguyen,371,43958,4.0,The Sympathizer,https://www.goodreads.com/book/show/23168277-the-sympathizer,2015
William Finnegan,447,10560,4.18,Barbarian Days: A Surfing Life,https://www.goodreads.com/book/show/18693910-barbarian-days,2015
Helen Macdonald,300,45394,3.73,H is for Hawk,https://www.goodreads.com/book/show/18803640-h-is-for-hawk,2014
J.D. Vance,257,184694,3.94,Hillbilly Elegy: A Memoir of a Family and Culture in Crisis,https://www.goodreads.com/book/show/27161156-hillbilly-elegy,2016
Garry Kasparov,290,1490,3.95,Winter Is Coming: Why Vladimir Putin and the Enemies of the Free World Must Be Stopped,https://www.goodreads.com/book/show/24945308-winter-is-coming,2015
Michael Eric Dyson,368,408,3.9,The Black Presidency: Barack Obama and the Politics of Race in America,https://www.goodreads.com/book/show/25786205-the-black-presidency,2016
Simon Sebag Montefiore,784,4889,4.05,The Romanovs: 1613-1918,https://www.goodreads.com/book/show/21094391-the-romanovs,2016
Mary Beard,608,17304,4.08,SPQR: A History of Ancient Rome,https://www.goodreads.com/book/show/28789711-spqr,2016
Leslie Carroll,507,1272,3.94,"Notorious Royal Marriages: A Juicy Journey Through Nine Centuries of Dynasty, Destiny, and Desire",https://www.goodreads.com/book/show/6651031-notorious-royal-marriages,2010
Marc Wortman,431,179,3.75,The Bonfire: The Siege and Burning of Atlanta,https://www.goodreads.com/book/show/6617105-the-bonfire,2009
Matthew Alexander,304,201,4.08,Kill or Capture: How a Special Operations Task Force Took Down a Notorious al Qaeda Terrorist,https://www.goodreads.com/book/show/10294003-kill-or-capture,2011
Suki Kim,291,12486,3.87,"Without You, There Is No Us: My Time with the Sons of North Korea's Elite",https://www.goodreads.com/book/show/20685373-without-you-there-is-no-us,2014
James Joyce,783,94448,3.74,Ulysses,https://www.goodreads.com/book/show/338798.Ulysses,1990
Wendy Moore,342,2957,4.02,"The Knife Man: Blood, Body Snatching, and the Birth of Modern Surgery",https://www.goodreads.com/book/show/161724.The_Knife_Man,2006
Hisham Matar,288,4510,4.14,"The Return: Fathers, Sons, and the Land in Between",https://www.goodreads.com/book/show/28007895-the-return,2016
Matthew Desmond,418,33276,4.49,Evicted: Poverty and Profit in the American City,https://www.goodreads.com/book/show/25852784-evicted,2016
Heather Ann Thompson,752,1623,4.43,Blood in the Water: The Attica Prison Uprising of 1971 and Its Legacy,https://www.goodreads.com/book/show/28007898-blood-in-the-water,2016
Kerry Brown,288,155,3.69,"CEO, China: The Rise of Xi Jinping",https://www.goodreads.com/book/show/29866971-ceo-china,2016
Stefan Kornelius,300,314,3.63,Angela Merkel: The Authorized Biography,https://www.goodreads.com/book/show/18006967-angela-merkel,2013
Candice Millard,563,6645,4.18,"Hero of the Empire: The Boer War, a Daring Escape, and the Making of Winston Churchill",https://www.goodreads.com/book/show/25241653-hero-of-the-empire,2016
Bruce Cumings,320,519,3.76,The Korean War: A History,https://www.goodreads.com/book/show/8244792-the-korean-war,2010
John W. Dower,676,2933,4.11,Embracing Defeat: Japan in the Wake of World War II,https://www.goodreads.com/book/show/273197.Embracing_Defeat,2000
Paul Theroux,485,11101,3.95,Dark Star Safari: Overland from Cairo to Cape Town,https://www.goodreads.com/book/show/28239.Dark_Star_Safari,2004
Henry David Thoreau,320,31395,3.96,Walden & Civil Disobedience,https://www.goodreads.com/book/show/116020.Walden_Civil_Disobedience,2004
Adrian Goldsworthy,583,5334,4.27,Caesar: Life of a Colossus,https://www.goodreads.com/book/show/60432.Caesar,2006
James Comey,290,19235,4.24,"A Higher Loyalty: Truth, Lies, and Leadership",https://www.goodreads.com/book/show/35108805-a-higher-loyalty,2018
Jane Austen,279,2409625,4.25,Pride and Prejudice,https://www.goodreads.com/book/show/1885.Pride_and_Prejudice,2000
J.R.R. Tolkien,398,1993366,4.34,The Fellowship of the Ring,https://www.goodreads.com/book/show/34.The_Fellowship_of_the_Ring,2003
Markus Zusak,552,1455931,4.36,The Book Thief,https://www.goodreads.com/book/show/19063.The_Book_Thief,2006
Khaled Hosseini,371,2049386,4.27,The Kite Runner,https://www.goodreads.com/book/show/77203.The_Kite_Runner,2004
Stephen King,447,900339,4.19,The Shining,https://www.goodreads.com/book/show/11588.The_Shining,1980
Louisa May Alcott,449,1411237,4.05,Little Women,https://www.goodreads.com/book/show/1934.Little_Women,2004
C.S. Lewis,206,1771466,4.2,"The Lion, the Witch and the Wardrobe",https://www.goodreads.com/book/show/100915.The_Lion_the_Witch_and_the_Wardrobe,2005
Douglas Adams,216,1132065,4.21,The Hitchhiker's Guide to the Galaxy,https://www.goodreads.com/book/show/11.The_Hitchhiker_s_Guide_to_the_Galaxy,2017
Margaret Atwood,311,904411,4.08,The Handmaid's Tale,https://www.goodreads.com/book/show/38447.The_Handmaid_s_Tale,1998
Zadie Smith,448,99979,3.76,White Teeth,https://www.goodreads.com/book/show/3711.White_Teeth,2001
Ann Brashares,294,565534,3.77,The Sisterhood of the Traveling Pants,https://www.goodreads.com/book/show/452306.The_Sisterhood_of_the_Traveling_Pants,2001
Kurt Vonnegut,275,964803,4.06,Slaughterhouse-Five,https://www.goodreads.com/book/show/4981.Slaughterhouse_Five,1999
Fredrik Backman,337,355246,4.35,A Man Called Ove,https://www.goodreads.com/book/show/18774964-a-man-called-ove,2014
Aldous Huxley,288,1185208,3.97,Brave New World,https://www.goodreads.com/book/show/5129.Brave_New_World,1998
Neil Gaiman,304,94472,4.1,Norse Mythology,https://www.goodreads.com/book/show/30831912-norse-mythology,2017
Ann Patchett,336,102703,3.82,Commonwealth,https://www.goodreads.com/book/show/28214365-commonwealth,2016
Oscar Wilde,367,761109,4.06,The Picture of Dorian Gray,https://www.goodreads.com/book/show/5297.The_Picture_of_Dorian_Gray,2004
Rick Riordan,375,1589378,4.24,The Lightning Thief,https://www.goodreads.com/book/show/28187.The_Lightning_Thief,2006
Madeleine L'Engle,218,784906,4.02,A Wrinkle in Time,https://www.goodreads.com/book/show/33574273-a-wrinkle-in-time,2017
Liane Moriarty,460,509165,4.24,Big Little Lies,https://www.goodreads.com/book/show/19486412-big-little-lies,2014
Jeffrey Eugenides,529,534954,3.99,Middlesex,https://www.goodreads.com/book/show/2187.Middlesex,2003
Arthur Conan Doyle,123,250353,4.15,A Study in Scarlet,https://www.goodreads.com/book/show/102868.A_Study_in_Scarlet,2005
Guillermo del Toro,315,5070,4.02,The Shape of Water,https://www.goodreads.com/book/show/36521316-the-shape-of-water,2018
Celeste Ng,338,208690,4.15,Little Fires Everywhere,https://www.goodreads.com/book/show/34273236-little-fires-everywhere,2017
Amy Engel,279,15697,3.73,The Roanoke Girls,https://www.goodreads.com/book/show/30689335-the-roanoke-girls,2017
Danya Kukafka,368,3462,3.33,Girl in Snow,https://www.goodreads.com/book/show/32920254-girl-in-snow,2017
Kim Harrison,416,101436,4.04,Dead Witch Walking,https://www.goodreads.com/book/show/30264.Dead_Witch_Walking,2004
Deanna Raybourn,368,11687,3.95,A Curious Beginning,https://www.goodreads.com/book/show/28186322-a-curious-beginning,2016
Rene Denfeld,256,17237,4.0,The Child Finder,https://www.goodreads.com/book/show/32223884-the-child-finder,2017
Adam Silvera,368,29404,4.15,They Both Die at the End,https://www.goodreads.com/book/show/33385229-they-both-die-at-the-end,2017
Rachel Caine,286,56324,4.11,Stillhouse Lake,https://www.goodreads.com/book/show/33128934-stillhouse-lake,2017
Joe Hill,692,69253,4.06,NOS4A2,https://www.goodreads.com/book/show/15729539-nos4a2,2013
Michelle Hodkin,456,138690,4.08,The Unbecoming of Mara Dyer,https://www.goodreads.com/book/show/11408650-the-unbecoming-of-mara-dyer,2011
Marissa Meyer,556,19189,4.13,Renegades,https://www.goodreads.com/book/show/28421168-renegades,2017
Sarah Waters,592,62184,4.02,Fingersmith,https://www.goodreads.com/book/show/8913370-fingersmith,2002
John Green,288,143982,4.03,Turtles All the Way Down,https://www.goodreads.com/book/show/35504431-turtles-all-the-way-down,2017
Neal Shusterman,435,39410,4.35,Scythe,https://www.goodreads.com/book/show/28954189-scythe,2016
Stuart Turton,512,4855,4.14,The Seven Deaths of Evelyn Hardcastle,https://www.goodreads.com/book/show/35967101-the-seven-deaths-of-evelyn-hardcastle,2018
Emily X.R. Pan,462,4916,4.19,The Astonishing Color of After,https://www.goodreads.com/book/show/35604686-the-astonishing-color-of-after,2018
Tomi Adeyemi,525,32311,4.3,Children of Blood and Bone,https://www.goodreads.com/book/show/34728667-children-of-blood-and-bone,2018
Becky Albertalli,343,19936,4.08,Leah on the Offbeat,https://www.goodreads.com/book/show/31180248-leah-on-the-offbeat,2018
Seanan McGuire,346,25945,3.75,Rosemary and Rue,https://www.goodreads.com/book/show/6294549-rosemary-and-rue,2009
Barry Lyga,359,29440,4.02,I Hunt Killers,https://www.goodreads.com/book/show/7766027-i-hunt-killers,2012
Ilona Andrews,352,749,4.58,Magic Triumphs,https://www.goodreads.com/book/show/17333180-magic-triumphs,2018
Wendy Spinale,312,3667,3.72,Everland,https://www.goodreads.com/book/show/26085520-everland,2016
Tiffany McDaniel,310,4269,3.93,The Summer that Melted Everything,https://www.goodreads.com/book/show/26114523-the-summer-that-melted-everything,2016
Jenny  Lawson,329,86952,3.93,Furiously Happy: A Funny Book About Horrible Things,https://www.goodreads.com/book/show/23848559-furiously-happy,2015
Neil Gaiman,635,604337,4.11,American Gods,https://www.goodreads.com/book/show/30165203-american-gods,2011
Blake Crouch,342,135625,4.1,Dark Matter,https://www.goodreads.com/book/show/27833670-dark-matter,2016
Gail Honeyman,327,178397,4.34,Eleanor Oliphant Is Completely Fine,https://www.goodreads.com/book/show/31434883-eleanor-oliphant-is-completely-fine,2017
Mindy Mejia,352,13416,3.84,Everything You Want Me to Be,https://www.goodreads.com/book/show/29276588-everything-you-want-me-to-be,2017
Gillian Flynn,254,427697,3.93,Sharp Objects,https://www.goodreads.com/book/show/18045891-sharp-objects,2006
Robert Bloch,208,43880,4.1,Psycho,https://www.goodreads.com/book/show/156427.Psycho,1999
M.R. Carey,461,147126,3.94,The Girl With All the Gifts,https://www.goodreads.com/book/show/17235026-the-girl-with-all-the-gifts,2014
Kendare Blake,398,40226,3.87,Three Dark Crowns,https://www.goodreads.com/book/show/28374007-three-dark-crowns,2016
Susanna Kaysen,169,160722,3.9,"Girl, Interrupted",https://www.goodreads.com/book/show/68783.Girl_Interrupted,1994
Fredrik Backman,432,83926,4.3,Beartown,https://www.goodreads.com/book/show/33413128-beartown,2017
Alice Hoffman,369,28602,4.0,The Rules of Magic,https://www.goodreads.com/book/show/34037113-the-rules-of-magic,2017
Nicola Yoon,348,82099,4.11,The Sun Is Also a Star,https://www.goodreads.com/book/show/28763485-the-sun-is-also-a-star,2016
Angie Thomas,453,165898,4.56,The Hate U Give,https://www.goodreads.com/book/show/32075671-the-hate-u-give,2017
Karin Slaughter,656,52499,4.15,The Good Daughter,https://www.goodreads.com/book/show/33230889-the-good-daughter,2017
Victoria Aveyard,383,383869,4.07,Red Queen,https://www.goodreads.com/book/show/22328546-red-queen,2015
R.J. Palacio,316,518887,4.45,Wonder,https://www.goodreads.com/book/show/11387515-wonder,2012
A.J.  Finn,427,120727,4.0,The Woman in the Window,https://www.goodreads.com/book/show/34848682-the-woman-in-the-window,2018
Tiffany Reisz,365,1576,3.95,The Lucky Ones,https://www.goodreads.com/book/show/35083342-the-lucky-ones,2018
Martha Hall Kelly,487,109137,4.3,Lilac Girls,https://www.goodreads.com/book/show/25893693-lilac-girls,2016
Agatha Christie,274,256088,4.16,Murder on the Orient Express,https://www.goodreads.com/book/show/853510.Murder_on_the_Orient_Express,2007
Arthur Golden,503,1510558,4.09,Memoirs of a Geisha,https://www.goodreads.com/book/show/929.Memoirs_of_a_Geisha,2005
Heather   Morris,288,25270,4.39,The Tattooist of Auschwitz,https://www.goodreads.com/book/show/35523006-the-tattooist-of-auschwitz,2018
Beatriz Williams,357,28345,3.91,A Hundred Summers,https://www.goodreads.com/book/show/16158535-a-hundred-summers,2013
Madeline Miller,352,84675,4.3,The Song of Achilles,https://www.goodreads.com/book/show/11250317-the-song-of-achilles,2011
Stephen King,561,33705,4.14,The Outsider,https://www.goodreads.com/book/show/36124936-the-outsider,2018
Catherine Steadman,342,14612,3.75,Something in the Water,https://www.goodreads.com/book/show/36388243-something-in-the-water,2018
Becky Chambers,365,15771,4.36,A Closed and Common Orbit,https://www.goodreads.com/book/show/29475447-a-closed-and-common-orbit,2016
N.K. Jemisin,410,32410,4.34,The Obelisk Gate,https://www.goodreads.com/book/show/26228034-the-obelisk-gate,2016
Ada Palmer,432,5518,3.85,Too Like the Lightning,https://www.goodreads.com/book/show/26114545-too-like-the-lightning,2016
Alfred Bester,258,35832,4.12,The Stars My Destination,https://www.goodreads.com/book/show/333867.The_Stars_My_Destination,1996
Erin Morgenstern,387,526893,4.04,The Night Circus,https://www.goodreads.com/book/show/9361589-the-night-circus,2011
Iain Pears,608,3895,3.95,Arcadia,https://www.goodreads.com/book/show/25829156-arcadia,2015
Alastair Reynolds,464,12051,4.03,Pushing Ice,https://www.goodreads.com/book/show/20410974-pushing-ice,-3
Ben H. Winters,288,20990,3.76,The Last Policeman,https://www.goodreads.com/book/show/13330370-the-last-policeman,2012
Katherine Arden,323,47491,4.13,The Bear and the Nightingale,https://www.goodreads.com/book/show/25489134-the-bear-and-the-nightingale,2017
Leigh Bardugo,462,156482,4.46,Six of Crows,https://www.goodreads.com/book/show/23437156-six-of-crows,2015
Mur Lafferty,364,6183,3.85,Six Wakes,https://www.goodreads.com/book/show/28962996-six-wakes,2017
Kameron Hurley,400,4450,3.67,The Stars Are Legion,https://www.goodreads.com/book/show/29090844-the-stars-are-legion,2017
Mark  Lawrence,469,15443,4.29,Red Sister,https://www.goodreads.com/book/show/25895524-red-sister,2017
Claire North,426,7623,3.8,Touch,https://www.goodreads.com/book/show/22314178-touch,2015
Yoon Ha Lee,384,7556,3.87,Ninefox Gambit,https://www.goodreads.com/book/show/26118426-ninefox-gambit,2016
Andy Weir,305,90456,3.67,Artemis,https://www.goodreads.com/book/show/34928122-artemis,2017
Ruthanna Emrys,366,1404,3.77,Winter Tide,https://www.goodreads.com/book/show/29939089-winter-tide,2017
Naomi Alderman,341,62412,3.89,The Power,https://www.goodreads.com/book/show/29751398-the-power,2017
Roger Zelazny,296,23620,4.1,Lord of Light,https://www.goodreads.com/book/show/13821.Lord_of_Light,2010
Jo Walton,304,19262,3.68,Among Others,https://www.goodreads.com/book/show/8706185-among-others,2011
Noelle Stevenson,272,68139,4.18,Nimona,https://www.goodreads.com/book/show/19351043-nimona,2015
Ann Leckie,330,22795,4.2,Ancillary Mercy,https://www.goodreads.com/book/show/23533039-ancillary-mercy,2015
Mira Grant,440,4123,4.06,Into the Drowning Deep,https://www.goodreads.com/book/show/34523174-into-the-drowning-deep,2017
Colson Whitehead,306,157859,4.03,The Underground Railroad,https://www.goodreads.com/book/show/30555488-the-underground-railroad,2016
C. Robert Cargill,448,3015,4.11,Sea of Rust,https://www.goodreads.com/book/show/32617610-sea-of-rust,2017
Ursula K. Le Guin,259,79593,4.12,The Farthest Shore,https://www.goodreads.com/book/show/13667.The_Farthest_Shore,2004
Octavia E. Butler,345,35353,4.15,Parable of the Sower,https://www.goodreads.com/book/show/52397.Parable_of_the_Sower,2000
Victor LaValle,431,6097,3.82,The Changeling,https://www.goodreads.com/book/show/31147267-the-changeling,2017
N.K. Jemisin,468,54987,4.31,The Fifth Season,https://www.goodreads.com/book/show/19161852-the-fifth-season,2015
Kim Stanley Robinson,466,14732,3.73,Aurora,https://www.goodreads.com/book/show/23197269-aurora,2015
Fran Wilde,352,2651,3.57,Updraft,https://www.goodreads.com/book/show/18464362-updraft,2015
Andre Norton,124,4018,3.74,The Time Traders,https://www.goodreads.com/book/show/30722348-the-time-traders,2016
Andrzej Sapkowski,384,71175,4.21,The Last Wish,https://www.goodreads.com/book/show/1128434.The_Last_Wish,2007
Vernor Vinge,613,44211,4.13,A Fire Upon the Deep,https://www.goodreads.com/book/show/77711.A_Fire_Upon_the_Deep,2010
Helene Wecker,486,79776,4.11,The Golem and the Jinni,https://www.goodreads.com/book/show/15819028-the-golem-and-the-jinni,2013
David  Wong,384,10039,4.0,Futuristic Violence and Fancy Suits,https://www.goodreads.com/book/show/20501606-futuristic-violence-and-fancy-suits,2015
Liu Cixin,400,68138,4.04,The Three-Body Problem,https://www.goodreads.com/book/show/20518872-the-three-body-problem,2014
Daniel O'Malley,496,37570,4.12,The Rook,https://www.goodreads.com/book/show/10836728-the-rook,2012
Nalo Hopkinson,416,1330,3.83,The Salt Roads,https://www.goodreads.com/book/show/57498.The_Salt_Roads,2004
Frederik Pohl,278,34600,4.07,Gateway,https://www.goodreads.com/book/show/218427.Gateway,2004
Genevieve Cogman,329,24211,3.73,The Invisible Library,https://www.goodreads.com/book/show/21416690-the-invisible-library,2015
Becky Chambers,518,37246,4.17,"The Long Way to a Small, Angry Planet",https://www.goodreads.com/book/show/22733729-the-long-way-to-a-small-angry-planet,2014
Alex Bledsoe,349,3421,3.81,The Hum and the Shiver,https://www.goodreads.com/book/show/10942400-the-hum-and-the-shiver,2011
Ursula K. Le Guin,304,86624,4.05,The Left Hand of Darkness,https://www.goodreads.com/book/show/18423.The_Left_Hand_of_Darkness,2000
Stephen King,231,426271,3.97,The Gunslinger,https://www.goodreads.com/book/show/43615.The_Gunslinger,2003
Brian W. Aldiss,400,3181,3.61,Helliconia Spring,https://www.goodreads.com/book/show/672244.Helliconia_Spring,2002
Theodora Goss,402,5392,3.8,The Strange Case of the Alchemist's Daughter,https://www.goodreads.com/book/show/34728925-the-strange-case-of-the-alchemist-s-daughter,2017
Connie Willis,578,40286,4.03,Doomsday Book,https://www.goodreads.com/book/show/24983.Doomsday_Book,1992
Greg Van Eekhout,304,1954,3.75,California Bones,https://www.goodreads.com/book/show/18490594-california-bones,2014
Mary Wollstonecraft Shelley,345,959143,3.77,"Frankenstein, or the Modern Prometheus",https://www.goodreads.com/book/show/35220237-frankenstein-or-the-modern-prometheus,-3
Madeleine L'Engle,211,784863,4.02,A Wrinkle in Time,https://www.goodreads.com/book/show/18131.A_Wrinkle_in_Time,1973
Rivers Solomon,351,2619,4.02,An Unkindness of Ghosts,https://www.goodreads.com/book/show/34381254-an-unkindness-of-ghosts,2017
Dennis E. Taylor,304,29146,4.29,We Are Legion We Are Bob,https://www.goodreads.com/book/show/32109569-we-are-legion-we-are-bob,2016
Tanith Lee,208,1865,4.06,Night's Master,https://www.goodreads.com/book/show/882258.Night_s_Master,1978
Madeline Miller,394,29690,4.38,Circe,https://www.goodreads.com/book/show/35959740-circe,2018
Philip Reeve,373,20498,3.94,Mortal Engines,https://www.goodreads.com/book/show/287861.Mortal_Engines,2004
Fonda Lee,498,1789,4.02,Jade City,https://www.goodreads.com/book/show/34606064-jade-city,2017
Neal Shusterman,504,15088,4.54,Thunderhead,https://www.goodreads.com/book/show/33555224-thunderhead,2018
Neal Shusterman,0,60,4.4,The Toll,https://www.goodreads.com/book/show/37632682-the-toll,-3
Tomi Adeyemi,448,42,4.57,Children of Virtue and Vengeance,https://www.goodreads.com/book/show/39122774-children-of-virtue-and-vengeance,2019
P.C. Cast,310,16036,3.96,Redeemed,https://www.goodreads.com/book/show/16136599-redeemed,2014
Katie McGarry,474,24078,4.27,Crash into You,https://www.goodreads.com/book/show/17233800-crash-into-you,2013
Katie McGarry,544,13335,4.13,Take Me On,https://www.goodreads.com/book/show/18333898-take-me-on,2014
Katie McGarry,298,3493,4.09,Chasing Impossible,https://www.goodreads.com/book/show/25263399-chasing-impossible,2016
Rachel Hawkins,327,53074,4.09,Spell Bound,https://www.goodreads.com/book/show/11454587-spell-bound,2012
Kady Cross,384,5911,3.97,The Girl with the Iron Touch,https://www.goodreads.com/book/show/15822336-the-girl-with-the-iron-touch,2013
Kady Cross,396,3145,3.96,The Girl with the Windup Heart,https://www.goodreads.com/book/show/18513756-the-girl-with-the-windup-heart,2014
Veronica Rossi,389,40518,4.16,Into the Still Blue,https://www.goodreads.com/book/show/14288998-into-the-still-blue,2014
Kami Garcia,456,59117,3.93,Beautiful Redemption,https://www.goodreads.com/book/show/7930335-beautiful-redemption,2012
Beth Revis,369,28530,4.1,Shades of Earth,https://www.goodreads.com/book/show/10345937-shades-of-earth,2013
Jocelyn Davies,360,3150,3.9,A Radiant Sky,https://www.goodreads.com/book/show/17331295-a-radiant-sky,2013
Sarah Rees Brennan,370,7221,3.89,Unmade,https://www.goodreads.com/book/show/18309803-unmade,2015
Lauren Kate,400,7349,3.92,Unforgiven,https://www.goodreads.com/book/show/24909485-unforgiven,2015
Pierce Brown,601,18055,4.27,Iron Gold,https://www.goodreads.com/book/show/33257757-iron-gold,2018
Sarah J. Maas,229,47413,3.94,A Court of Frost and Starlight,https://www.goodreads.com/book/show/31076583-a-court-of-frost-and-starlight,2018
Lorie Langdon,331,1080,4.0,Olivia Twist,https://www.goodreads.com/book/show/34817232-olivia-twist,2018
Stephanie Garber,451,10582,4.32,Legendary,https://www.goodreads.com/book/show/36329818-legendary,2018
Kiersten White,471,8153,4.25,Now I Rise,https://www.goodreads.com/book/show/22817331-now-i-rise,2017
Roshani Chokshi,384,4645,4.17,A Crown of Wishes,https://www.goodreads.com/book/show/34964865-a-crown-of-wishes,2018
Adrienne Young,340,7215,4.09,Sky in the Deep,https://www.goodreads.com/book/show/34726469-sky-in-the-deep,2018
Sandhya Menon,336,3441,3.74,"From Twinkle, with Love",https://www.goodreads.com/book/show/36373464-from-twinkle-with-love,2018
Leigh Bardugo,364,17389,4.1,Wonder Woman: Warbringer,https://www.goodreads.com/book/show/29749085-wonder-woman,2017
Marie Lu,272,5471,3.74,Batman: Nightwalker,https://www.goodreads.com/book/show/29749090-batman,2018
Lily  Anderson,305,2095,3.87,Undead Girl Gang,https://www.goodreads.com/book/show/35707056-undead-girl-gang,2018
Brittany Cavallaro,321,21334,3.82,A Study in Charlotte,https://www.goodreads.com/book/show/23272028-a-study-in-charlotte,2016
Brittany Cavallaro,317,6845,3.62,The Last of August,https://www.goodreads.com/book/show/30256105-the-last-of-august,2017
Melissa Tagg,352,1392,4.16,From the Start,https://www.goodreads.com/book/show/22504496-from-the-start,2015
Karen Witemeyer,364,1856,4.15,No Other Will Do,https://www.goodreads.com/book/show/27066694-no-other-will-do,2016
Karen Witemeyer,341,3072,4.17,A Worthy Pursuit,https://www.goodreads.com/book/show/23411536-a-worthy-pursuit,2015
Michelle Griep,320,983,4.2,The Innkeeper's Daughter,https://www.goodreads.com/book/show/35488734-the-innkeeper-s-daughter,2018
Liz Johnson,336,4023,4.02,The Red Door Inn,https://www.goodreads.com/book/show/25795314-the-red-door-inn,2016
Amanda G. Stevens,320,268,3.94,No Less Days,https://www.goodreads.com/book/show/36459591-no-less-days,2018
Elizabeth Camden,334,887,4.16,A Dangerous Legacy,https://www.goodreads.com/book/show/34020181-a-dangerous-legacy,2017
Irma Joubert,416,746,4.1,Child of the River,https://www.goodreads.com/book/show/29587718-child-of-the-river,2016
Shelley Shepard Gray,308,588,3.92,The Loyal Heart,https://www.goodreads.com/book/show/27840589-the-loyal-heart,2016
Catherine   West,352,873,3.8,The Things We Knew,https://www.goodreads.com/book/show/27840648-the-things-we-knew,2016
Jody Hedlund,400,791,4.32,Newton and Polly: A Novel of Amazing Grace,https://www.goodreads.com/book/show/29358388-newton-and-polly,2016
Jocelyn Green,406,1156,4.29,The Mark of the King,https://www.goodreads.com/book/show/30259051-the-mark-of-the-king,2017
Kara Isaac,373,702,4.07,Close to You,https://www.goodreads.com/book/show/26029290-close-to-you,2016
Jenny B. Jones,368,288,4.31,Engaged in Trouble (Enchanted Events #1),https://www.goodreads.com/book/show/34725692-engaged-in-trouble,2017
Roseanna M. White,439,3169,4.1,The Lost Heiress,https://www.goodreads.com/book/show/22383696-the-lost-heiress,2015
Robin Benway,374,11644,4.33,Far from the Tree,https://www.goodreads.com/book/show/33830437-far-from-the-tree,2017
Victoria Aveyard,444,122133,3.93,Glass Sword,https://www.goodreads.com/book/show/23174274-glass-sword,2016
Ruta Sepetys,393,71728,4.36,Salt to the Sea,https://www.goodreads.com/book/show/25614492-salt-to-the-sea,2016
Jandy Nelson,371,195016,4.13,I'll Give You the Sun,https://www.goodreads.com/book/show/20820994-i-ll-give-you-the-sun,2014
Robert M. Drake,181,2786,4.02,Beautiful Chaos,https://www.goodreads.com/book/show/23434371-beautiful-chaos,2014
Washington Irving,108,37938,3.73,The Legend of Sleepy Hollow,https://www.goodreads.com/book/show/93261.The_Legend_of_Sleepy_Hollow,2004
Sarah J. Maas,416,267797,4.27,A Court of Thorns and Roses,https://www.goodreads.com/book/show/16096824-a-court-of-thorns-and-roses,2015
Sarah J. Maas,626,187060,4.7,A Court of Mist and Fury,https://www.goodreads.com/book/show/17927395-a-court-of-mist-and-fury,2016
Jennifer E. Smith,416,7438,3.71,Windfall,https://www.goodreads.com/book/show/32048554-windfall,2017
Wendy Mass,272,25183,4.18,11 Birthdays,https://www.goodreads.com/book/show/4835838-11-birthdays,2009
Marissa Meyer,827,137411,4.48,Winter,https://www.goodreads.com/book/show/13206900-winter,2015
Leigh Bardugo,358,185942,4.05,Shadow and Bone,https://www.goodreads.com/book/show/10194157-shadow-and-bone,2012
Jeannette Walls,288,729564,4.25,The Glass Castle,https://www.goodreads.com/book/show/7445.The_Glass_Castle,2006
Sherman Alexie,230,190527,4.12,The Absolutely True Diary of a Part-Time Indian,https://www.goodreads.com/book/show/693208.The_Absolutely_True_Diary_of_a_Part_Time_Indian,2007
Victoria Aveyard,528,69241,4.02,King's Cage,https://www.goodreads.com/book/show/30226723-king-s-cage,2017
Marie Lu,305,353333,4.18,Legend,https://www.goodreads.com/book/show/9275658-legend,2011
Lauren Kate,452,432923,3.74,Fallen,https://www.goodreads.com/book/show/6487308-fallen,2009
Kirsty McKay,325,1966,3.63,The Assassin Game,https://www.goodreads.com/book/show/27969100-the-assassin-game,2016
Alexandra Bracken,488,107514,4.23,The Darkest Minds,https://www.goodreads.com/book/show/10576365-the-darkest-minds,2012
Ali Shaw,488,1643,3.74,The Trees,https://www.goodreads.com/book/show/27507117-the-trees,2016
Lauren Groff,390,91269,3.56,Fates and Furies,https://www.goodreads.com/book/show/24612118-fates-and-furies,2015
Katie McGarry,452,2469,3.98,Say You'll Remember Me,https://www.goodreads.com/book/show/35133826-say-you-ll-remember-me,2018
Joni  Johnson,-6,20,3.95,Stray,https://www.goodreads.com/book/show/34673053-stray,2017
Allyson Valentine,304,787,3.51,How (Not) to Find a Boyfriend,https://www.goodreads.com/book/show/15927693-how-not-to-find-a-boyfriend,2013
Abigail  Johnson,304,1554,3.84,If I Fix You,https://www.goodreads.com/book/show/29074768-if-i-fix-you,2016
Katie Kaleski,480,40,3.65,The Now or Never Moment: Omnibus,https://www.goodreads.com/book/show/37852497-the-now-or-never-moment,2018
Kami Garcia,407,2004,3.99,Broken Beautiful Hearts,https://www.goodreads.com/book/show/33158532-broken-beautiful-hearts,2018
C.C. Hunter,384,900,4.02,This Heart of Mine,https://www.goodreads.com/book/show/34964921-this-heart-of-mine,2018
Maggie Stiefvater,320,10821,3.87,All the Crooked Saints,https://www.goodreads.com/book/show/30025336-all-the-crooked-saints,2017
Rachel Lynn Solomon,384,1025,4.09,You'll Miss Me When I'm Gone,https://www.goodreads.com/book/show/30339479-you-ll-miss-me-when-i-m-gone,2018
Gloria Chao,311,3001,3.89,American Panda,https://www.goodreads.com/book/show/35297380-american-panda,2018
Sara  Barnard,300,726,3.92,"Goodbye, Perfect",https://www.goodreads.com/book/show/35495848-goodbye-perfect,2018
Jenn Bennett,432,3821,4.07,Starry Eyes,https://www.goodreads.com/book/show/35297469-starry-eyes,2018
Gayle Forman,368,5231,3.73,I Have Lost My Way,https://www.goodreads.com/book/show/36470842-i-have-lost-my-way,2018
Siobhan Vivian,368,1541,3.81,Stay Sweet,https://www.goodreads.com/book/show/32333296-stay-sweet,2018
Kasie West,336,3395,3.85,Listen to Your Heart,https://www.goodreads.com/book/show/36127456-listen-to-your-heart,2018
Julie   Murphy,384,34230,3.87,Dumplin',https://www.goodreads.com/book/show/18304322-dumplin,2015
Julie   Murphy,448,2667,4.13,Puddin',https://www.goodreads.com/book/show/28269171-puddin,2018
Morgan Matson,417,6143,3.91,Save the Date,https://www.goodreads.com/book/show/32333338-save-the-date,2018
Nicole  Williams,256,288,3.77,Almost Impossible,https://www.goodreads.com/book/show/36450338-almost-impossible,2018
Robyn Schneider,320,483,3.8,Invisible Ghosts,https://www.goodreads.com/book/show/35230429-invisible-ghosts,2018
Samantha Young,304,1045,3.9,The Fragile Ordinary,https://www.goodreads.com/book/show/36269878-the-fragile-ordinary,2018
Ashley Poston,320,22715,4.06,Geekerella,https://www.goodreads.com/book/show/30724132-geekerella,2017
Nancy Garden,240,34971,3.98,Annie on My Mind,https://www.goodreads.com/book/show/39086702-annie-on-my-mind,2017
Tawni Waters,256,89,3.34,The Long Ride Home,https://www.goodreads.com/book/show/32470612-the-long-ride-home,2017
Ginger Scott,0,442,4.17,Cry Baby,https://www.goodreads.com/book/show/40035422-cry-baby,-3
Jenna Evans Welch,303,2755,3.79,Love & Luck,https://www.goodreads.com/book/show/32333026-love-luck,2018
Carrie Turansky,320,407,4.01,Shine Like the Dawn,https://www.goodreads.com/book/show/30618378-shine-like-the-dawn,2017
Patricia  Bradley,343,480,4.13,Justice Delayed,https://www.goodreads.com/book/show/30259138-justice-delayed,2017
Katie Ganshert,352,982,4.35,Life After,https://www.goodreads.com/book/show/31364181-life-after,2017
Nancy Moser,400,1126,3.64,Masquerade,https://www.goodreads.com/book/show/6973760-masquerade,2010
Roseanna M. White,322,137,4.5,Giver of Wonders: How a Christmas Tradition Began (A Visibullis Story),https://www.goodreads.com/book/show/24845314-giver-of-wonders,2016
Melody Carlson,176,877,3.93,The Christmas Angel Project,https://www.goodreads.com/book/show/28637693-the-christmas-angel-project,2016
Pam Hillman,416,198,4.16,The Promise of Breeze Hill,https://www.goodreads.com/book/show/33107254-the-promise-of-breeze-hill,2017
Kristy Cambron,356,1009,3.79,The Illusionist's Apprentice,https://www.goodreads.com/book/show/29737083-the-illusionist-s-apprentice,2017
Karen Witemeyer,329,960,4.31,Heart on the Line,https://www.goodreads.com/book/show/32510778-heart-on-the-line,2017
Roseanna M. White,352,927,4.01,Ring of Secrets,https://www.goodreads.com/book/show/15709082-ring-of-secrets,2013
Kristy Cambron,368,1443,4.24,A Sparrow in Terezin,https://www.goodreads.com/book/show/22578264-a-sparrow-in-terezin,2015
Kristy Cambron,384,870,4.15,The Lost Castle,https://www.goodreads.com/book/show/35554148-the-lost-castle,2018
Courtney Walsh,416,566,4.31,Just Look Up,https://www.goodreads.com/book/show/32980228-just-look-up,2017
James L. Rubart,400,770,4.08,The Five Times I Met Myself,https://www.goodreads.com/book/show/26093614-the-five-times-i-met-myself,2015
